{"stats":{"minecraft:dropped":{"minecraft:bread":1,"minecraft:porkchop":1,"minecraft:crafting_table":1,"minecraft:cobblestone":15,"minecraft:mutton":11,"minecraft:wooden_axe":1,"minecraft:pumpkin_pie":4,"minecraft:string":11,"minecraft:white_wool":4,"minecraft:beetroot":2,"minecraft:flower_pot":2,"minecraft:beetroot_seeds":1,"minecraft:barrel":1,"minecraft:iron_ore":1,"minecraft:iron_bars":1,"minecraft:beef":2,"minecraft:wooden_pickaxe":1,"minecraft:brick":24},"minecraft:custom":{"minecraft:mob_kills":43,"minecraft:interact_with_crafting_table":13,"minecraft:open_barrel":75,"minecraft:leave_game":7,"minecraft:time_since_death":9708,"minecraft:climb_one_cm":9362,"minecraft:sprint_one_cm":377936,"minecraft:walk_one_cm":176831,"minecraft:damage_blocked_by_shield":478,"minecraft:drop":22,"minecraft:talked_to_villager":6,"minecraft:play_time":156591,"minecraft:deaths":2,"minecraft:sneak_time":8557,"minecraft:walk_under_water_one_cm":19524,"minecraft:boat_one_cm":1060875,"minecraft:jump":2330,"minecraft:walk_on_water_one_cm":44662,"minecraft:total_world_time":156591,"minecraft:interact_with_cartography_table":1,"minecraft:sleep_in_bed":10,"minecraft:time_since_rest":7354,"minecraft:damage_taken":2085,"minecraft:damage_absorbed":40,"minecraft:damage_dealt":15506,"minecraft:swim_one_cm":117306,"minecraft:fly_one_cm":509444,"minecraft:open_chest":118,"minecraft:crouch_one_cm":19385,"minecraft:interact_with_smoker":1,"minecraft:fall_one_cm":60107},"minecraft:killed_by":{"minecraft:witch":1},"minecraft:broken":{"minecraft:iron_axe":2,"minecraft:wooden_axe":1},"minecraft:killed":{"minecraft:witch":1,"minecraft:spider":2,"minecraft:skeleton":4,"minecraft:drowned":2,"minecraft:zombie_villager":10,"minecraft:sheep":4,"minecraft:pillager":5,"minecraft:zombie":11,"minecraft:cow":1},"minecraft:crafted":{"minecraft:oak_planks":48,"minecraft:dark_oak_boat":1,"minecraft:dark_oak_fence":12,"minecraft:iron_axe":2,"minecraft:stone_pickaxe":1,"minecraft:chest":4,"minecraft:dark_oak_planks":252,"minecraft:wheat":144,"minecraft:crafting_table":3,"minecraft:wooden_pickaxe":1,"minecraft:iron_helmet":1,"minecraft:iron_sword":1,"minecraft:bread":21,"minecraft:oak_boat":1,"minecraft:shield":1,"minecraft:stick":108,"minecraft:wooden_axe":3,"minecraft:torch":120,"minecraft:shears":1},"minecraft:picked_up":{"minecraft:coarse_dirt":1,"minecraft:crafting_table":3,"minecraft:flower_pot":3,"minecraft:magenta_carpet":8,"minecraft:potion":2,"minecraft:brewing_stand":1,"minecraft:brick":48,"minecraft:string":12,"minecraft:smooth_stone_slab":4,"minecraft:white_carpet":1,"minecraft:beetroot":2,"minecraft:cracked_stone_bricks":1,"minecraft:beef":2,"minecraft:oak_boat":3,"minecraft:written_book":1,"minecraft:sugar_cane":13,"minecraft:birch_sapling":1,"minecraft:dark_oak_sapling":6,"minecraft:stick":14,"minecraft:copper_ingot":1,"minecraft:carrot":20,"minecraft:dark_oak_planks":8,"minecraft:arrow":5,"minecraft:rotten_flesh":15,"minecraft:beetroot_seeds":1,"minecraft:decorated_pot":1,"minecraft:hay_block":25,"minecraft:mutton":8,"minecraft:iron_bars":1,"minecraft:cobblestone":24,"minecraft:white_wool":11,"minecraft:birch_log":7,"minecraft:lilac":1,"minecraft:leather":2,"minecraft:dark_oak_boat":1,"minecraft:smoker":2,"minecraft:potato":8,"minecraft:oak_log":12,"minecraft:dirt":13,"minecraft:purple_carpet":4,"minecraft:red_carpet":2,"minecraft:bone":2,"minecraft:apple":2,"minecraft:stone_bricks":6,"minecraft:wheat_seeds":18,"minecraft:glass_bottle":1,"minecraft:oak_planks":24,"minecraft:dark_oak_stairs":1,"minecraft:book":21,"minecraft:sheep_spawn_egg":1,"minecraft:sweet_berries":21,"minecraft:amethyst_shard":4,"minecraft:blast_furnace":2,"minecraft:white_bed":9,"minecraft:dark_oak_log":84,"minecraft:barrel":1,"minecraft:emerald":4,"minecraft:oak_sapling":1,"minecraft:damaged_anvil":1,"minecraft:stripped_dark_oak_log":2,"minecraft:coal":27},"minecraft:mined":{"minecraft:dark_oak_planks":11,"minecraft:large_amethyst_bud":1,"minecraft:white_bed":9,"minecraft:dark_oak_leaves":2,"minecraft:dark_oak_log":40,"minecraft:brewing_stand":1,"minecraft:grass_block":8,"minecraft:decorated_pot":13,"minecraft:brown_mushroom_block":2,"minecraft:spawner":5,"minecraft:large_fern":7,"minecraft:hay_block":25,"minecraft:carrots":17,"minecraft:barrel":1,"minecraft:dark_oak_stairs":3,"minecraft:bookshelf":7,"minecraft:potatoes":8,"minecraft:iron_bars":1,"minecraft:stone":28,"minecraft:player_head":2,"minecraft:podzol":1,"minecraft:smoker":2,"minecraft:brown_stained_glass_pane":4,"minecraft:medium_amethyst_bud":1,"minecraft:stripped_dark_oak_log":1,"minecraft:amethyst_cluster":1,"minecraft:crafting_table":3,"minecraft:short_grass":30,"minecraft:blast_furnace":2,"minecraft:mushroom_stem":1,"minecraft:tall_grass":10,"minecraft:sugar_cane":6,"minecraft:damaged_anvil":1,"minecraft:coarse_dirt":1,"minecraft:birch_log":7,"minecraft:sweet_berry_bush":10,"minecraft:wheat":15,"minecraft:lilac":1,"minecraft:birch_leaves":4,"minecraft:smooth_stone_slab":4,"minecraft:coal_ore":17,"minecraft:oak_log":12,"minecraft:beetroots":1,"minecraft:dirt":5,"minecraft:red_mushroom_block":1,"minecraft:oak_leaves":8,"minecraft:fern":7},"minecraft:used":{"minecraft:chest":4,"minecraft:shield":16,"minecraft:iron_sword":105,"minecraft:torch":106,"minecraft:dirt":2,"minecraft:wooden_axe":95,"minecraft:dark_oak_planks":66,"minecraft:iron_axe":147,"minecraft:stone_bricks":2,"minecraft:bow":67,"minecraft:dark_oak_boat":1,"minecraft:egg":24,"minecraft:potato":2,"minecraft:water_bucket":18,"minecraft:stone_pickaxe":16,"minecraft:ender_pearl":2,"minecraft:wooden_pickaxe":11,"minecraft:golden_apple":1,"minecraft:stripped_dark_oak_log":1,"minecraft:crafting_table":5,"minecraft:white_bed":9,"minecraft:smoker":2,"minecraft:dark_oak_log":21,"minecraft:bread":46,"minecraft:iron_pickaxe":55,"minecraft:map":1,"minecraft:cobblestone":2,"minecraft:dark_oak_fence":8,"minecraft:bucket":17,"minecraft:oak_boat":4}},"DataVersion":3700}