{"stats":{"minecraft:mined":{"minecraft:white_bed":7,"minecraft:brown_stained_glass_pane":4,"minecraft:smoker":2,"minecraft:crafting_table":3,"minecraft:short_grass":12,"minecraft:grass_block":1,"minecraft:decorated_pot":6,"minecraft:tall_grass":10,"minecraft:sugar_cane":3,"minecraft:damaged_anvil":1,"minecraft:hay_block":25,"minecraft:carrots":17,"minecraft:wheat":15,"minecraft:oak_log":6,"minecraft:potatoes":8,"minecraft:coal_ore":5,"minecraft:beetroots":1,"minecraft:stone":18,"minecraft:player_head":1,"minecraft:oak_leaves":8},"minecraft:crafted":{"minecraft:oak_planks":24,"minecraft:crafting_table":1,"minecraft:wooden_pickaxe":1,"minecraft:bread":21,"minecraft:oak_boat":1,"minecraft:stick":8,"minecraft:stone_pickaxe":1,"minecraft:wooden_axe":1,"minecraft:wheat":144},"minecraft:used":{"minecraft:water_bucket":3,"minecraft:stone_pickaxe":16,"minecraft:wooden_pickaxe":11,"minecraft:crafting_table":3,"minecraft:white_bed":6,"minecraft:wooden_axe":45,"minecraft:bread":15,"minecraft:iron_pickaxe":1,"minecraft:bow":9,"minecraft:bucket":3,"minecraft:oak_boat":3,"minecraft:potato":2},"minecraft:custom":{"minecraft:mob_kills":10,"minecraft:interact_with_crafting_table":3,"minecraft:open_barrel":17,"minecraft:leave_game":2,"minecraft:time_since_death":28157,"minecraft:sleep_in_bed":4,"minecraft:climb_one_cm":5522,"minecraft:time_since_rest":3268,"minecraft:sprint_one_cm":154057,"minecraft:damage_taken":541,"minecraft:walk_one_cm":51528,"minecraft:damage_dealt":1537,"minecraft:swim_one_cm":14123,"minecraft:talked_to_villager":4,"minecraft:fly_one_cm":186360,"minecraft:open_chest":37,"minecraft:crouch_one_cm":4200,"minecraft:play_time":48914,"minecraft:deaths":1,"minecraft:sneak_time":902,"minecraft:walk_under_water_one_cm":3159,"minecraft:boat_one_cm":513197,"minecraft:jump":824,"minecraft:walk_on_water_one_cm":6759,"minecraft:interact_with_smoker":1,"minecraft:total_world_time":48914,"minecraft:fall_one_cm":22040},"minecraft:picked_up":{"minecraft:crafting_table":3,"minecraft:leather":2,"minecraft:smoker":2,"minecraft:potato":8,"minecraft:potion":1,"minecraft:oak_log":6,"minecraft:brick":24,"minecraft:string":2,"minecraft:bone":2,"minecraft:beetroot":2,"minecraft:wheat_seeds":17,"minecraft:beef":2,"minecraft:oak_boat":2,"minecraft:written_book":1,"minecraft:sugar_cane":6,"minecraft:white_bed":7,"minecraft:carrot":19,"minecraft:arrow":4,"minecraft:beetroot_seeds":1,"minecraft:hay_block":25,"minecraft:emerald":2,"minecraft:damaged_anvil":1,"minecraft:mutton":6,"minecraft:coal":5,"minecraft:cobblestone":18,"minecraft:white_wool":3},"minecraft:killed":{"minecraft:spider":1,"minecraft:sheep":3,"minecraft:pillager":3,"minecraft:zombie":1,"minecraft:cow":1}},"DataVersion":3700}