{"stats":{"minecraft:dropped":{"minecraft:bread":1,"minecraft:porkchop":1,"minecraft:crafting_table":1,"minecraft:beetroot":2,"minecraft:cobblestone":15,"minecraft:flower_pot":2,"minecraft:mutton":11,"minecraft:wooden_axe":1,"minecraft:beetroot_seeds":1,"minecraft:barrel":1,"minecraft:pumpkin_pie":4,"minecraft:iron_bars":1,"minecraft:iron_ore":1,"minecraft:beef":2,"minecraft:wooden_pickaxe":1,"minecraft:string":6,"minecraft:white_wool":4,"minecraft:brick":24},"minecraft:killed":{"minecraft:spider":1,"minecraft:sheep":3,"minecraft:pillager":3,"minecraft:zombie":2,"minecraft:drowned":2,"minecraft:cow":1},"minecraft:crafted":{"minecraft:oak_planks":48,"minecraft:crafting_table":2,"minecraft:wooden_pickaxe":1,"minecraft:bread":21,"minecraft:oak_boat":1,"minecraft:iron_axe":2,"minecraft:stick":16,"minecraft:stone_pickaxe":1,"minecraft:wooden_axe":1,"minecraft:chest":2,"minecraft:wheat":144},"minecraft:picked_up":{"minecraft:crafting_table":3,"minecraft:flower_pot":3,"minecraft:leather":2,"minecraft:smoker":2,"minecraft:potato":8,"minecraft:potion":1,"minecraft:oak_log":12,"minecraft:brick":24,"minecraft:dirt":1,"minecraft:string":2,"minecraft:red_carpet":2,"minecraft:bone":2,"minecraft:beetroot":2,"minecraft:wheat_seeds":17,"minecraft:beef":2,"minecraft:oak_boat":3,"minecraft:written_book":1,"minecraft:sugar_cane":8,"minecraft:oak_planks":24,"minecraft:book":21,"minecraft:amethyst_shard":4,"minecraft:white_bed":8,"minecraft:carrot":19,"minecraft:dark_oak_log":32,"minecraft:barrel":1,"minecraft:rotten_flesh":1,"minecraft:arrow":4,"minecraft:beetroot_seeds":1,"minecraft:hay_block":25,"minecraft:stripped_dark_oak_log":1,"minecraft:emerald":2,"minecraft:iron_bars":1,"minecraft:damaged_anvil":1,"minecraft:mutton":6,"minecraft:coal":5,"minecraft:cobblestone":18,"minecraft:white_wool":4},"minecraft:custom":{"minecraft:mob_kills":13,"minecraft:interact_with_cartography_table":1,"minecraft:interact_with_crafting_table":5,"minecraft:open_barrel":75,"minecraft:leave_game":3,"minecraft:time_since_death":68312,"minecraft:sleep_in_bed":6,"minecraft:climb_one_cm":7064,"minecraft:time_since_rest":11701,"minecraft:sprint_one_cm":179783,"minecraft:damage_taken":587,"minecraft:walk_one_cm":84707,"minecraft:drop":21,"minecraft:damage_dealt":1557,"minecraft:swim_one_cm":64536,"minecraft:talked_to_villager":6,"minecraft:fly_one_cm":201793,"minecraft:open_chest":77,"minecraft:crouch_one_cm":6587,"minecraft:play_time":89069,"minecraft:deaths":1,"minecraft:sneak_time":1785,"minecraft:walk_under_water_one_cm":17056,"minecraft:boat_one_cm":1036398,"minecraft:jump":947,"minecraft:walk_on_water_one_cm":19398,"minecraft:interact_with_smoker":1,"minecraft:total_world_time":89069,"minecraft:fall_one_cm":24686},"minecraft:mined":{"minecraft:large_amethyst_bud":1,"minecraft:white_bed":8,"minecraft:medium_amethyst_bud":1,"minecraft:brown_stained_glass_pane":4,"minecraft:smoker":2,"minecraft:stripped_dark_oak_log":1,"minecraft:amethyst_cluster":1,"minecraft:dark_oak_log":27,"minecraft:crafting_table":3,"minecraft:short_grass":12,"minecraft:grass_block":2,"minecraft:decorated_pot":6,"minecraft:tall_grass":10,"minecraft:damaged_anvil":1,"minecraft:sugar_cane":4,"minecraft:hay_block":25,"minecraft:carrots":17,"minecraft:barrel":1,"minecraft:wheat":15,"minecraft:bookshelf":7,"minecraft:oak_log":12,"minecraft:potatoes":8,"minecraft:coal_ore":5,"minecraft:beetroots":1,"minecraft:iron_bars":1,"minecraft:stone":18,"minecraft:player_head":1,"minecraft:oak_leaves":8},"minecraft:used":{"minecraft:water_bucket":14,"minecraft:stone_pickaxe":16,"minecraft:chest":2,"minecraft:wooden_pickaxe":11,"minecraft:crafting_table":4,"minecraft:white_bed":8,"minecraft:smoker":2,"minecraft:wooden_axe":45,"minecraft:iron_axe":29,"minecraft:bread":16,"minecraft:map":1,"minecraft:iron_pickaxe":5,"minecraft:bow":29,"minecraft:bucket":14,"minecraft:oak_boat":4,"minecraft:potato":2}},"DataVersion":3700}