[{"login":"ascpixi","id":44982772,"node_id":"MDQ6VXNlcjQ0OTgyNzcy","avatar_url":"https://avatars.githubusercontent.com/u/44982772?v=4","gravatar_id":"","url":"https://api.github.com/users/ascpixi","html_url":"https://github.com/ascpixi","followers_url":"https://api.github.com/users/ascpixi/followers","following_url":"https://api.github.com/users/ascpixi/following{/other_user}","gists_url":"https://api.github.com/users/ascpixi/gists{/gist_id}","starred_url":"https://api.github.com/users/ascpixi/starred{/owner}{/repo}","subscriptions_url":"https://api.github.com/users/ascpixi/subscriptions","organizations_url":"https://api.github.com/users/ascpixi/orgs","repos_url":"https://api.github.com/users/ascpixi/repos","events_url":"https://api.github.com/users/ascpixi/events{/privacy}","received_events_url":"https://api.github.com/users/ascpixi/received_events","type":"User","site_admin":false,"contributions":4},{"login":"LobbyTech-MC","id":45703035,"node_id":"MDQ6VXNlcjQ1NzAzMDM1","avatar_url":"https://avatars.githubusercontent.com/u/45703035?v=4","gravatar_id":"","url":"https://api.github.com/users/LobbyTech-MC","html_url":"https://github.com/LobbyTech-MC","followers_url":"https://api.github.com/users/LobbyTech-MC/followers","following_url":"https://api.github.com/users/LobbyTech-MC/following{/other_user}","gists_url":"https://api.github.com/users/LobbyTech-MC/gists{/gist_id}","starred_url":"https://api.github.com/users/LobbyTech-MC/starred{/owner}{/repo}","subscriptions_url":"https://api.github.com/users/LobbyTech-MC/subscriptions","organizations_url":"https://api.github.com/users/LobbyTech-MC/orgs","repos_url":"https://api.github.com/users/LobbyTech-MC/repos","events_url":"https://api.github.com/users/LobbyTech-MC/events{/privacy}","received_events_url":"https://api.github.com/users/LobbyTech-MC/received_events","type":"User","site_admin":false,"contributions":4},{"login":"DrOreo002","id":26141583,"node_id":"MDQ6VXNlcjI2MTQxNTgz","avatar_url":"https://avatars.githubusercontent.com/u/26141583?v=4","gravatar_id":"","url":"https://api.github.com/users/DrOreo002","html_url":"https://github.com/DrOreo002","followers_url":"https://api.github.com/users/DrOreo002/followers","following_url":"https://api.github.com/users/DrOreo002/following{/other_user}","gists_url":"https://api.github.com/users/DrOreo002/gists{/gist_id}","starred_url":"https://api.github.com/users/DrOreo002/starred{/owner}{/repo}","subscriptions_url":"https://api.github.com/users/DrOreo002/subscriptions","organizations_url":"https://api.github.com/users/DrOreo002/orgs","repos_url":"https://api.github.com/users/DrOreo002/repos","events_url":"https://api.github.com/users/DrOreo002/events{/privacy}","received_events_url":"https://api.github.com/users/DrOreo002/received_events","type":"User","site_admin":false,"contributions":4},{"login":"diradho","id":62114902,"node_id":"MDQ6VXNlcjYyMTE0OTAy","avatar_url":"https://avatars.githubusercontent.com/u/62114902?v=4","gravatar_id":"","url":"https://api.github.com/users/diradho","html_url":"https://github.com/diradho","followers_url":"https://api.github.com/users/diradho/followers","following_url":"https://api.github.com/users/diradho/following{/other_user}","gists_url":"https://api.github.com/users/diradho/gists{/gist_id}","starred_url":"https://api.github.com/users/diradho/starred{/owner}{/repo}","subscriptions_url":"https://api.github.com/users/diradho/subscriptions","organizations_url":"https://api.github.com/users/diradho/orgs","repos_url":"https://api.github.com/users/diradho/repos","events_url":"https://api.github.com/users/diradho/events{/privacy}","received_events_url":"https://api.github.com/users/diradho/received_events","type":"User","site_admin":false,"contributions":4},{"login":"Julie-Sigtuna","id":60574425,"node_id":"MDQ6VXNlcjYwNTc0NDI1","avatar_url":"https://avatars.githubusercontent.com/u/60574425?v=4","gravatar_id":"","url":"https://api.github.com/users/Julie-Sigtuna","html_url":"https://github.com/Julie-Sigtuna","followers_url":"https://api.github.com/users/Julie-Sigtuna/followers","following_url":"https://api.github.com/users/Julie-Sigtuna/following{/other_user}","gists_url":"https://api.github.com/users/Julie-Sigtuna/gists{/gist_id}","starred_url":"https://api.github.com/users/Julie-Sigtuna/starred{/owner}{/repo}","subscriptions_url":"https://api.github.com/users/Julie-Sigtuna/subscriptions","organizations_url":"https://api.github.com/users/Julie-Sigtuna/orgs","repos_url":"https://api.github.com/users/Julie-Sigtuna/repos","events_url":"https://api.github.com/users/Julie-Sigtuna/events{/privacy}","received_events_url":"https://api.github.com/users/Julie-Sigtuna/received_events","type":"User","site_admin":false,"contributions":4},{"login":"lleyton","id":26487268,"node_id":"MDQ6VXNlcjI2NDg3MjY4","avatar_url":"https://avatars.githubusercontent.com/u/26487268?v=4","gravatar_id":"","url":"https://api.github.com/users/lleyton","html_url":"https://github.com/lleyton","followers_url":"https://api.github.com/users/lleyton/followers","following_url":"https://api.github.com/users/lleyton/following{/other_user}","gists_url":"https://api.github.com/users/lleyton/gists{/gist_id}","starred_url":"https://api.github.com/users/lleyton/starred{/owner}{/repo}","subscriptions_url":"https://api.github.com/users/lleyton/subscriptions","organizations_url":"https://api.github.com/users/lleyton/orgs","repos_url":"https://api.github.com/users/lleyton/repos","events_url":"https://api.github.com/users/lleyton/events{/privacy}","received_events_url":"https://api.github.com/users/lleyton/received_events","type":"User","site_admin":false,"contributions":4},{"login":"github-actions[bot]","id":41898282,"node_id":"MDM6Qm90NDE4OTgyODI=","avatar_url":"https://avatars.githubusercontent.com/in/15368?v=4","gravatar_id":"","url":"https://api.github.com/users/github-actions%5Bbot%5D","html_url":"https://github.com/apps/github-actions","followers_url":"https://api.github.com/users/github-actions%5Bbot%5D/followers","following_url":"https://api.github.com/users/github-actions%5Bbot%5D/following{/other_user}","gists_url":"https://api.github.com/users/github-actions%5Bbot%5D/gists{/gist_id}","starred_url":"https://api.github.com/users/github-actions%5Bbot%5D/starred{/owner}{/repo}","subscriptions_url":"https://api.github.com/users/github-actions%5Bbot%5D/subscriptions","organizations_url":"https://api.github.com/users/github-actions%5Bbot%5D/orgs","repos_url":"https://api.github.com/users/github-actions%5Bbot%5D/repos","events_url":"https://api.github.com/users/github-actions%5Bbot%5D/events{/privacy}","received_events_url":"https://api.github.com/users/github-actions%5Bbot%5D/received_events","type":"Bot","site_admin":false,"contributions":4},{"login":"yumjunstar","id":24960675,"node_id":"MDQ6VXNlcjI0OTYwNjc1","avatar_url":"https://avatars.githubusercontent.com/u/24960675?v=4","gravatar_id":"","url":"https://api.github.com/users/yumjunstar","html_url":"https://github.com/yumjunstar","followers_url":"https://api.github.com/users/yumjunstar/followers","following_url":"https://api.github.com/users/yumjunstar/following{/other_user}","gists_url":"https://api.github.com/users/yumjunstar/gists{/gist_id}","starred_url":"https://api.github.com/users/yumjunstar/starred{/owner}{/repo}","subscriptions_url":"https://api.github.com/users/yumjunstar/subscriptions","organizations_url":"https://api.github.com/users/yumjunstar/orgs","repos_url":"https://api.github.com/users/yumjunstar/repos","events_url":"https://api.github.com/users/yumjunstar/events{/privacy}","received_events_url":"https://api.github.com/users/yumjunstar/received_events","type":"User","site_admin":false,"contributions":4},{"login":"Jur9x","id":60826133,"node_id":"MDQ6VXNlcjYwODI2MTMz","avatar_url":"https://avatars.githubusercontent.com/u/60826133?v=4","gravatar_id":"","url":"https://api.github.com/users/Jur9x","html_url":"https://github.com/Jur9x","followers_url":"https://api.github.com/users/Jur9x/followers","following_url":"https://api.github.com/users/Jur9x/following{/other_user}","gists_url":"https://api.github.com/users/Jur9x/gists{/gist_id}","starred_url":"https://api.github.com/users/Jur9x/starred{/owner}{/repo}","subscriptions_url":"https://api.github.com/users/Jur9x/subscriptions","organizations_url":"https://api.github.com/users/Jur9x/orgs","repos_url":"https://api.github.com/users/Jur9x/repos","events_url":"https://api.github.com/users/Jur9x/events{/privacy}","received_events_url":"https://api.github.com/users/Jur9x/received_events","type":"User","site_admin":false,"contributions":4},{"login":"BurningBrimstone","id":58698520,"node_id":"MDQ6VXNlcjU4Njk4NTIw","avatar_url":"https://avatars.githubusercontent.com/u/58698520?v=4","gravatar_id":"","url":"https://api.github.com/users/BurningBrimstone","html_url":"https://github.com/BurningBrimstone","followers_url":"https://api.github.com/users/BurningBrimstone/followers","following_url":"https://api.github.com/users/BurningBrimstone/following{/other_user}","gists_url":"https://api.github.com/users/BurningBrimstone/gists{/gist_id}","starred_url":"https://api.github.com/users/BurningBrimstone/starred{/owner}{/repo}","subscriptions_url":"https://api.github.com/users/BurningBrimstone/subscriptions","organizations_url":"https://api.github.com/users/BurningBrimstone/orgs","repos_url":"https://api.github.com/users/BurningBrimstone/repos","events_url":"https://api.github.com/users/BurningBrimstone/events{/privacy}","received_events_url":"https://api.github.com/users/BurningBrimstone/received_events","type":"User","site_admin":false,"contributions":4},{"login":"CactusTheGuy","id":75614340,"node_id":"MDQ6VXNlcjc1NjE0MzQw","avatar_url":"https://avatars.githubusercontent.com/u/75614340?v=4","gravatar_id":"","url":"https://api.github.com/users/CactusTheGuy","html_url":"https://github.com/CactusTheGuy","followers_url":"https://api.github.com/users/CactusTheGuy/followers","following_url":"https://api.github.com/users/CactusTheGuy/following{/other_user}","gists_url":"https://api.github.com/users/CactusTheGuy/gists{/gist_id}","starred_url":"https://api.github.com/users/CactusTheGuy/starred{/owner}{/repo}","subscriptions_url":"https://api.github.com/users/CactusTheGuy/subscriptions","organizations_url":"https://api.github.com/users/CactusTheGuy/orgs","repos_url":"https://api.github.com/users/CactusTheGuy/repos","events_url":"https://api.github.com/users/CactusTheGuy/events{/privacy}","received_events_url":"https://api.github.com/users/CactusTheGuy/received_events","type":"User","site_admin":false,"contributions":4},{"login":"dpkirchner","id":165134,"node_id":"MDQ6VXNlcjE2NTEzNA==","avatar_url":"https://avatars.githubusercontent.com/u/165134?v=4","gravatar_id":"","url":"https://api.github.com/users/dpkirchner","html_url":"https://github.com/dpkirchner","followers_url":"https://api.github.com/users/dpkirchner/followers","following_url":"https://api.github.com/users/dpkirchner/following{/other_user}","gists_url":"https://api.github.com/users/dpkirchner/gists{/gist_id}","starred_url":"https://api.github.com/users/dpkirchner/starred{/owner}{/repo}","subscriptions_url":"https://api.github.com/users/dpkirchner/subscriptions","organizations_url":"https://api.github.com/users/dpkirchner/orgs","repos_url":"https://api.github.com/users/dpkirchner/repos","events_url":"https://api.github.com/users/dpkirchner/events{/privacy}","received_events_url":"https://api.github.com/users/dpkirchner/received_events","type":"User","site_admin":false,"contributions":4},{"login":"FaolanMalcadh","id":67378718,"node_id":"MDQ6VXNlcjY3Mzc4NzE4","avatar_url":"https://avatars.githubusercontent.com/u/67378718?v=4","gravatar_id":"","url":"https://api.github.com/users/FaolanMalcadh","html_url":"https://github.com/FaolanMalcadh","followers_url":"https://api.github.com/users/FaolanMalcadh/followers","following_url":"https://api.github.com/users/FaolanMalcadh/following{/other_user}","gists_url":"https://api.github.com/users/FaolanMalcadh/gists{/gist_id}","starred_url":"https://api.github.com/users/FaolanMalcadh/starred{/owner}{/repo}","subscriptions_url":"https://api.github.com/users/FaolanMalcadh/subscriptions","organizations_url":"https://api.github.com/users/FaolanMalcadh/orgs","repos_url":"https://api.github.com/users/FaolanMalcadh/repos","events_url":"https://api.github.com/users/FaolanMalcadh/events{/privacy}","received_events_url":"https://api.github.com/users/FaolanMalcadh/received_events","type":"User","site_admin":false,"contributions":4},{"login":"Gusstavo","id":18173902,"node_id":"MDQ6VXNlcjE4MTczOTAy","avatar_url":"https://avatars.githubusercontent.com/u/18173902?v=4","gravatar_id":"","url":"https://api.github.com/users/Gusstavo","html_url":"https://github.com/Gusstavo","followers_url":"https://api.github.com/users/Gusstavo/followers","following_url":"https://api.github.com/users/Gusstavo/following{/other_user}","gists_url":"https://api.github.com/users/Gusstavo/gists{/gist_id}","starred_url":"https://api.github.com/users/Gusstavo/starred{/owner}{/repo}","subscriptions_url":"https://api.github.com/users/Gusstavo/subscriptions","organizations_url":"https://api.github.com/users/Gusstavo/orgs","repos_url":"https://api.github.com/users/Gusstavo/repos","events_url":"https://api.github.com/users/Gusstavo/events{/privacy}","received_events_url":"https://api.github.com/users/Gusstavo/received_events","type":"User","site_admin":false,"contributions":4},{"login":"JasperChaseTOQ","id":103849596,"node_id":"U_kgDOBjCefA","avatar_url":"https://avatars.githubusercontent.com/u/103849596?v=4","gravatar_id":"","url":"https://api.github.com/users/JasperChaseTOQ","html_url":"https://github.com/JasperChaseTOQ","followers_url":"https://api.github.com/users/JasperChaseTOQ/followers","following_url":"https://api.github.com/users/JasperChaseTOQ/following{/other_user}","gists_url":"https://api.github.com/users/JasperChaseTOQ/gists{/gist_id}","starred_url":"https://api.github.com/users/JasperChaseTOQ/starred{/owner}{/repo}","subscriptions_url":"https://api.github.com/users/JasperChaseTOQ/subscriptions","organizations_url":"https://api.github.com/users/JasperChaseTOQ/orgs","repos_url":"https://api.github.com/users/JasperChaseTOQ/repos","events_url":"https://api.github.com/users/JasperChaseTOQ/events{/privacy}","received_events_url":"https://api.github.com/users/JasperChaseTOQ/received_events","type":"User","site_admin":false,"contributions":4},{"login":"ThatsCube","id":111064426,"node_id":"U_kgDOBp61ag","avatar_url":"https://avatars.githubusercontent.com/u/111064426?v=4","gravatar_id":"","url":"https://api.github.com/users/ThatsCube","html_url":"https://github.com/ThatsCube","followers_url":"https://api.github.com/users/ThatsCube/followers","following_url":"https://api.github.com/users/ThatsCube/following{/other_user}","gists_url":"https://api.github.com/users/ThatsCube/gists{/gist_id}","starred_url":"https://api.github.com/users/ThatsCube/starred{/owner}{/repo}","subscriptions_url":"https://api.github.com/users/ThatsCube/subscriptions","organizations_url":"https://api.github.com/users/ThatsCube/orgs","repos_url":"https://api.github.com/users/ThatsCube/repos","events_url":"https://api.github.com/users/ThatsCube/events{/privacy}","received_events_url":"https://api.github.com/users/ThatsCube/received_events","type":"User","site_admin":false,"contributions":4},{"login":"RoboMWM","id":4625696,"node_id":"MDQ6VXNlcjQ2MjU2OTY=","avatar_url":"https://avatars.githubusercontent.com/u/4625696?v=4","gravatar_id":"","url":"https://api.github.com/users/RoboMWM","html_url":"https://github.com/RoboMWM","followers_url":"https://api.github.com/users/RoboMWM/followers","following_url":"https://api.github.com/users/RoboMWM/following{/other_user}","gists_url":"https://api.github.com/users/RoboMWM/gists{/gist_id}","starred_url":"https://api.github.com/users/RoboMWM/starred{/owner}{/repo}","subscriptions_url":"https://api.github.com/users/RoboMWM/subscriptions","organizations_url":"https://api.github.com/users/RoboMWM/orgs","repos_url":"https://api.github.com/users/RoboMWM/repos","events_url":"https://api.github.com/users/RoboMWM/events{/privacy}","received_events_url":"https://api.github.com/users/RoboMWM/received_events","type":"User","site_admin":false,"contributions":4},{"login":"Chlorophytus","id":52374687,"node_id":"MDQ6VXNlcjUyMzc0Njg3","avatar_url":"https://avatars.githubusercontent.com/u/52374687?v=4","gravatar_id":"","url":"https://api.github.com/users/Chlorophytus","html_url":"https://github.com/Chlorophytus","followers_url":"https://api.github.com/users/Chlorophytus/followers","following_url":"https://api.github.com/users/Chlorophytus/following{/other_user}","gists_url":"https://api.github.com/users/Chlorophytus/gists{/gist_id}","starred_url":"https://api.github.com/users/Chlorophytus/starred{/owner}{/repo}","subscriptions_url":"https://api.github.com/users/Chlorophytus/subscriptions","organizations_url":"https://api.github.com/users/Chlorophytus/orgs","repos_url":"https://api.github.com/users/Chlorophytus/repos","events_url":"https://api.github.com/users/Chlorophytus/events{/privacy}","received_events_url":"https://api.github.com/users/Chlorophytus/received_events","type":"User","site_admin":false,"contributions":4},{"login":"PBoki","id":156460205,"node_id":"U_kgDOCVNkrQ","avatar_url":"https://avatars.githubusercontent.com/u/156460205?v=4","gravatar_id":"","url":"https://api.github.com/users/PBoki","html_url":"https://github.com/PBoki","followers_url":"https://api.github.com/users/PBoki/followers","following_url":"https://api.github.com/users/PBoki/following{/other_user}","gists_url":"https://api.github.com/users/PBoki/gists{/gist_id}","starred_url":"https://api.github.com/users/PBoki/starred{/owner}{/repo}","subscriptions_url":"https://api.github.com/users/PBoki/subscriptions","organizations_url":"https://api.github.com/users/PBoki/orgs","repos_url":"https://api.github.com/users/PBoki/repos","events_url":"https://api.github.com/users/PBoki/events{/privacy}","received_events_url":"https://api.github.com/users/PBoki/received_events","type":"User","site_admin":false,"contributions":4},{"login":"lukemango","id":29614155,"node_id":"MDQ6VXNlcjI5NjE0MTU1","avatar_url":"https://avatars.githubusercontent.com/u/29614155?v=4","gravatar_id":"","url":"https://api.github.com/users/lukemango","html_url":"https://github.com/lukemango","followers_url":"https://api.github.com/users/lukemango/followers","following_url":"https://api.github.com/users/lukemango/following{/other_user}","gists_url":"https://api.github.com/users/lukemango/gists{/gist_id}","starred_url":"https://api.github.com/users/lukemango/starred{/owner}{/repo}","subscriptions_url":"https://api.github.com/users/lukemango/subscriptions","organizations_url":"https://api.github.com/users/lukemango/orgs","repos_url":"https://api.github.com/users/lukemango/repos","events_url":"https://api.github.com/users/lukemango/events{/privacy}","received_events_url":"https://api.github.com/users/lukemango/received_events","type":"User","site_admin":false,"contributions":3},{"login":"craftish37","id":63811617,"node_id":"MDQ6VXNlcjYzODExNjE3","avatar_url":"https://avatars.githubusercontent.com/u/63811617?v=4","gravatar_id":"","url":"https://api.github.com/users/craftish37","html_url":"https://github.com/craftish37","followers_url":"https://api.github.com/users/craftish37/followers","following_url":"https://api.github.com/users/craftish37/following{/other_user}","gists_url":"https://api.github.com/users/craftish37/gists{/gist_id}","starred_url":"https://api.github.com/users/craftish37/starred{/owner}{/repo}","subscriptions_url":"https://api.github.com/users/craftish37/subscriptions","organizations_url":"https://api.github.com/users/craftish37/orgs","repos_url":"https://api.github.com/users/craftish37/repos","events_url":"https://api.github.com/users/craftish37/events{/privacy}","received_events_url":"https://api.github.com/users/craftish37/received_events","type":"User","site_admin":false,"contributions":3},{"login":"PabloMarcendo","id":58137448,"node_id":"MDQ6VXNlcjU4MTM3NDQ4","avatar_url":"https://avatars.githubusercontent.com/u/58137448?v=4","gravatar_id":"","url":"https://api.github.com/users/PabloMarcendo","html_url":"https://github.com/PabloMarcendo","followers_url":"https://api.github.com/users/PabloMarcendo/followers","following_url":"https://api.github.com/users/PabloMarcendo/following{/other_user}","gists_url":"https://api.github.com/users/PabloMarcendo/gists{/gist_id}","starred_url":"https://api.github.com/users/PabloMarcendo/starred{/owner}{/repo}","subscriptions_url":"https://api.github.com/users/PabloMarcendo/subscriptions","organizations_url":"https://api.github.com/users/PabloMarcendo/orgs","repos_url":"https://api.github.com/users/PabloMarcendo/repos","events_url":"https://api.github.com/users/PabloMarcendo/events{/privacy}","received_events_url":"https://api.github.com/users/PabloMarcendo/received_events","type":"User","site_admin":false,"contributions":3},{"login":"Neon72","id":25087176,"node_id":"MDQ6VXNlcjI1MDg3MTc2","avatar_url":"https://avatars.githubusercontent.com/u/25087176?v=4","gravatar_id":"","url":"https://api.github.com/users/Neon72","html_url":"https://github.com/Neon72","followers_url":"https://api.github.com/users/Neon72/followers","following_url":"https://api.github.com/users/Neon72/following{/other_user}","gists_url":"https://api.github.com/users/Neon72/gists{/gist_id}","starred_url":"https://api.github.com/users/Neon72/starred{/owner}{/repo}","subscriptions_url":"https://api.github.com/users/Neon72/subscriptions","organizations_url":"https://api.github.com/users/Neon72/orgs","repos_url":"https://api.github.com/users/Neon72/repos","events_url":"https://api.github.com/users/Neon72/events{/privacy}","received_events_url":"https://api.github.com/users/Neon72/received_events","type":"User","site_admin":false,"contributions":3},{"login":"KyleEstein","id":38513720,"node_id":"MDQ6VXNlcjM4NTEzNzIw","avatar_url":"https://avatars.githubusercontent.com/u/38513720?v=4","gravatar_id":"","url":"https://api.github.com/users/KyleEstein","html_url":"https://github.com/KyleEstein","followers_url":"https://api.github.com/users/KyleEstein/followers","following_url":"https://api.github.com/users/KyleEstein/following{/other_user}","gists_url":"https://api.github.com/users/KyleEstein/gists{/gist_id}","starred_url":"https://api.github.com/users/KyleEstein/starred{/owner}{/repo}","subscriptions_url":"https://api.github.com/users/KyleEstein/subscriptions","organizations_url":"https://api.github.com/users/KyleEstein/orgs","repos_url":"https://api.github.com/users/KyleEstein/repos","events_url":"https://api.github.com/users/KyleEstein/events{/privacy}","received_events_url":"https://api.github.com/users/KyleEstein/received_events","type":"User","site_admin":false,"contributions":3},{"login":"tandrew468","id":57212703,"node_id":"MDQ6VXNlcjU3MjEyNzAz","avatar_url":"https://avatars.githubusercontent.com/u/57212703?v=4","gravatar_id":"","url":"https://api.github.com/users/tandrew468","html_url":"https://github.com/tandrew468","followers_url":"https://api.github.com/users/tandrew468/followers","following_url":"https://api.github.com/users/tandrew468/following{/other_user}","gists_url":"https://api.github.com/users/tandrew468/gists{/gist_id}","starred_url":"https://api.github.com/users/tandrew468/starred{/owner}{/repo}","subscriptions_url":"https://api.github.com/users/tandrew468/subscriptions","organizations_url":"https://api.github.com/users/tandrew468/orgs","repos_url":"https://api.github.com/users/tandrew468/repos","events_url":"https://api.github.com/users/tandrew468/events{/privacy}","received_events_url":"https://api.github.com/users/tandrew468/received_events","type":"User","site_admin":false,"contributions":3},{"login":"xXDOTTORXx","id":60487177,"node_id":"MDQ6VXNlcjYwNDg3MTc3","avatar_url":"https://avatars.githubusercontent.com/u/60487177?v=4","gravatar_id":"","url":"https://api.github.com/users/xXDOTTORXx","html_url":"https://github.com/xXDOTTORXx","followers_url":"https://api.github.com/users/xXDOTTORXx/followers","following_url":"https://api.github.com/users/xXDOTTORXx/following{/other_user}","gists_url":"https://api.github.com/users/xXDOTTORXx/gists{/gist_id}","starred_url":"https://api.github.com/users/xXDOTTORXx/starred{/owner}{/repo}","subscriptions_url":"https://api.github.com/users/xXDOTTORXx/subscriptions","organizations_url":"https://api.github.com/users/xXDOTTORXx/orgs","repos_url":"https://api.github.com/users/xXDOTTORXx/repos","events_url":"https://api.github.com/users/xXDOTTORXx/events{/privacy}","received_events_url":"https://api.github.com/users/xXDOTTORXx/received_events","type":"User","site_admin":false,"contributions":3},{"login":"test137E29B","id":37277599,"node_id":"MDQ6VXNlcjM3Mjc3NTk5","avatar_url":"https://avatars.githubusercontent.com/u/37277599?v=4","gravatar_id":"","url":"https://api.github.com/users/test137E29B","html_url":"https://github.com/test137E29B","followers_url":"https://api.github.com/users/test137E29B/followers","following_url":"https://api.github.com/users/test137E29B/following{/other_user}","gists_url":"https://api.github.com/users/test137E29B/gists{/gist_id}","starred_url":"https://api.github.com/users/test137E29B/starred{/owner}{/repo}","subscriptions_url":"https://api.github.com/users/test137E29B/subscriptions","organizations_url":"https://api.github.com/users/test137E29B/orgs","repos_url":"https://api.github.com/users/test137E29B/repos","events_url":"https://api.github.com/users/test137E29B/events{/privacy}","received_events_url":"https://api.github.com/users/test137E29B/received_events","type":"User","site_admin":false,"contributions":3},{"login":"cat-onion","id":108517330,"node_id":"U_kgDOBnfX0g","avatar_url":"https://avatars.githubusercontent.com/u/108517330?v=4","gravatar_id":"","url":"https://api.github.com/users/cat-onion","html_url":"https://github.com/cat-onion","followers_url":"https://api.github.com/users/cat-onion/followers","following_url":"https://api.github.com/users/cat-onion/following{/other_user}","gists_url":"https://api.github.com/users/cat-onion/gists{/gist_id}","starred_url":"https://api.github.com/users/cat-onion/starred{/owner}{/repo}","subscriptions_url":"https://api.github.com/users/cat-onion/subscriptions","organizations_url":"https://api.github.com/users/cat-onion/orgs","repos_url":"https://api.github.com/users/cat-onion/repos","events_url":"https://api.github.com/users/cat-onion/events{/privacy}","received_events_url":"https://api.github.com/users/cat-onion/received_events","type":"User","site_admin":false,"contributions":3},{"login":"film2860","id":62585546,"node_id":"MDQ6VXNlcjYyNTg1NTQ2","avatar_url":"https://avatars.githubusercontent.com/u/62585546?v=4","gravatar_id":"","url":"https://api.github.com/users/film2860","html_url":"https://github.com/film2860","followers_url":"https://api.github.com/users/film2860/followers","following_url":"https://api.github.com/users/film2860/following{/other_user}","gists_url":"https://api.github.com/users/film2860/gists{/gist_id}","starred_url":"https://api.github.com/users/film2860/starred{/owner}{/repo}","subscriptions_url":"https://api.github.com/users/film2860/subscriptions","organizations_url":"https://api.github.com/users/film2860/orgs","repos_url":"https://api.github.com/users/film2860/repos","events_url":"https://api.github.com/users/film2860/events{/privacy}","received_events_url":"https://api.github.com/users/film2860/received_events","type":"User","site_admin":false,"contributions":3},{"login":"thehrz","id":71623682,"node_id":"MDQ6VXNlcjcxNjIzNjgy","avatar_url":"https://avatars.githubusercontent.com/u/71623682?v=4","gravatar_id":"","url":"https://api.github.com/users/thehrz","html_url":"https://github.com/thehrz","followers_url":"https://api.github.com/users/thehrz/followers","following_url":"https://api.github.com/users/thehrz/following{/other_user}","gists_url":"https://api.github.com/users/thehrz/gists{/gist_id}","starred_url":"https://api.github.com/users/thehrz/starred{/owner}{/repo}","subscriptions_url":"https://api.github.com/users/thehrz/subscriptions","organizations_url":"https://api.github.com/users/thehrz/orgs","repos_url":"https://api.github.com/users/thehrz/repos","events_url":"https://api.github.com/users/thehrz/events{/privacy}","received_events_url":"https://api.github.com/users/thehrz/received_events","type":"User","site_admin":false,"contributions":3},{"login":"dsnidr","id":6261352,"node_id":"MDQ6VXNlcjYyNjEzNTI=","avatar_url":"https://avatars.githubusercontent.com/u/6261352?v=4","gravatar_id":"","url":"https://api.github.com/users/dsnidr","html_url":"https://github.com/dsnidr","followers_url":"https://api.github.com/users/dsnidr/followers","following_url":"https://api.github.com/users/dsnidr/following{/other_user}","gists_url":"https://api.github.com/users/dsnidr/gists{/gist_id}","starred_url":"https://api.github.com/users/dsnidr/starred{/owner}{/repo}","subscriptions_url":"https://api.github.com/users/dsnidr/subscriptions","organizations_url":"https://api.github.com/users/dsnidr/orgs","repos_url":"https://api.github.com/users/dsnidr/repos","events_url":"https://api.github.com/users/dsnidr/events{/privacy}","received_events_url":"https://api.github.com/users/dsnidr/received_events","type":"User","site_admin":false,"contributions":3},{"login":"Eylonnn","id":66443087,"node_id":"MDQ6VXNlcjY2NDQzMDg3","avatar_url":"https://avatars.githubusercontent.com/u/66443087?v=4","gravatar_id":"","url":"https://api.github.com/users/Eylonnn","html_url":"https://github.com/Eylonnn","followers_url":"https://api.github.com/users/Eylonnn/followers","following_url":"https://api.github.com/users/Eylonnn/following{/other_user}","gists_url":"https://api.github.com/users/Eylonnn/gists{/gist_id}","starred_url":"https://api.github.com/users/Eylonnn/starred{/owner}{/repo}","subscriptions_url":"https://api.github.com/users/Eylonnn/subscriptions","organizations_url":"https://api.github.com/users/Eylonnn/orgs","repos_url":"https://api.github.com/users/Eylonnn/repos","events_url":"https://api.github.com/users/Eylonnn/events{/privacy}","received_events_url":"https://api.github.com/users/Eylonnn/received_events","type":"User","site_admin":false,"contributions":3},{"login":"siaynoq","id":127255,"node_id":"MDQ6VXNlcjEyNzI1NQ==","avatar_url":"https://avatars.githubusercontent.com/u/127255?v=4","gravatar_id":"","url":"https://api.github.com/users/siaynoq","html_url":"https://github.com/siaynoq","followers_url":"https://api.github.com/users/siaynoq/followers","following_url":"https://api.github.com/users/siaynoq/following{/other_user}","gists_url":"https://api.github.com/users/siaynoq/gists{/gist_id}","starred_url":"https://api.github.com/users/siaynoq/starred{/owner}{/repo}","subscriptions_url":"https://api.github.com/users/siaynoq/subscriptions","organizations_url":"https://api.github.com/users/siaynoq/orgs","repos_url":"https://api.github.com/users/siaynoq/repos","events_url":"https://api.github.com/users/siaynoq/events{/privacy}","received_events_url":"https://api.github.com/users/siaynoq/received_events","type":"User","site_admin":false,"contributions":3},{"login":"FabioZumbi12","id":5833818,"node_id":"MDQ6VXNlcjU4MzM4MTg=","avatar_url":"https://avatars.githubusercontent.com/u/5833818?v=4","gravatar_id":"","url":"https://api.github.com/users/FabioZumbi12","html_url":"https://github.com/FabioZumbi12","followers_url":"https://api.github.com/users/FabioZumbi12/followers","following_url":"https://api.github.com/users/FabioZumbi12/following{/other_user}","gists_url":"https://api.github.com/users/FabioZumbi12/gists{/gist_id}","starred_url":"https://api.github.com/users/FabioZumbi12/starred{/owner}{/repo}","subscriptions_url":"https://api.github.com/users/FabioZumbi12/subscriptions","organizations_url":"https://api.github.com/users/FabioZumbi12/orgs","repos_url":"https://api.github.com/users/FabioZumbi12/repos","events_url":"https://api.github.com/users/FabioZumbi12/events{/privacy}","received_events_url":"https://api.github.com/users/FabioZumbi12/received_events","type":"User","site_admin":false,"contributions":3},{"login":"20181241","id":65474843,"node_id":"MDQ6VXNlcjY1NDc0ODQz","avatar_url":"https://avatars.githubusercontent.com/u/65474843?v=4","gravatar_id":"","url":"https://api.github.com/users/20181241","html_url":"https://github.com/20181241","followers_url":"https://api.github.com/users/20181241/followers","following_url":"https://api.github.com/users/20181241/following{/other_user}","gists_url":"https://api.github.com/users/20181241/gists{/gist_id}","starred_url":"https://api.github.com/users/20181241/starred{/owner}{/repo}","subscriptions_url":"https://api.github.com/users/20181241/subscriptions","organizations_url":"https://api.github.com/users/20181241/orgs","repos_url":"https://api.github.com/users/20181241/repos","events_url":"https://api.github.com/users/20181241/events{/privacy}","received_events_url":"https://api.github.com/users/20181241/received_events","type":"User","site_admin":false,"contributions":3},{"login":"MeerBiene","id":60227302,"node_id":"MDQ6VXNlcjYwMjI3MzAy","avatar_url":"https://avatars.githubusercontent.com/u/60227302?v=4","gravatar_id":"","url":"https://api.github.com/users/MeerBiene","html_url":"https://github.com/MeerBiene","followers_url":"https://api.github.com/users/MeerBiene/followers","following_url":"https://api.github.com/users/MeerBiene/following{/other_user}","gists_url":"https://api.github.com/users/MeerBiene/gists{/gist_id}","starred_url":"https://api.github.com/users/MeerBiene/starred{/owner}{/repo}","subscriptions_url":"https://api.github.com/users/MeerBiene/subscriptions","organizations_url":"https://api.github.com/users/MeerBiene/orgs","repos_url":"https://api.github.com/users/MeerBiene/repos","events_url":"https://api.github.com/users/MeerBiene/events{/privacy}","received_events_url":"https://api.github.com/users/MeerBiene/received_events","type":"User","site_admin":false,"contributions":3},{"login":"Aeris1One","id":29739547,"node_id":"MDQ6VXNlcjI5NzM5NTQ3","avatar_url":"https://avatars.githubusercontent.com/u/29739547?v=4","gravatar_id":"","url":"https://api.github.com/users/Aeris1One","html_url":"https://github.com/Aeris1One","followers_url":"https://api.github.com/users/Aeris1One/followers","following_url":"https://api.github.com/users/Aeris1One/following{/other_user}","gists_url":"https://api.github.com/users/Aeris1One/gists{/gist_id}","starred_url":"https://api.github.com/users/Aeris1One/starred{/owner}{/repo}","subscriptions_url":"https://api.github.com/users/Aeris1One/subscriptions","organizations_url":"https://api.github.com/users/Aeris1One/orgs","repos_url":"https://api.github.com/users/Aeris1One/repos","events_url":"https://api.github.com/users/Aeris1One/events{/privacy}","received_events_url":"https://api.github.com/users/Aeris1One/received_events","type":"User","site_admin":false,"contributions":2},{"login":"ALiangLiang","id":6974496,"node_id":"MDQ6VXNlcjY5NzQ0OTY=","avatar_url":"https://avatars.githubusercontent.com/u/6974496?v=4","gravatar_id":"","url":"https://api.github.com/users/ALiangLiang","html_url":"https://github.com/ALiangLiang","followers_url":"https://api.github.com/users/ALiangLiang/followers","following_url":"https://api.github.com/users/ALiangLiang/following{/other_user}","gists_url":"https://api.github.com/users/ALiangLiang/gists{/gist_id}","starred_url":"https://api.github.com/users/ALiangLiang/starred{/owner}{/repo}","subscriptions_url":"https://api.github.com/users/ALiangLiang/subscriptions","organizations_url":"https://api.github.com/users/ALiangLiang/orgs","repos_url":"https://api.github.com/users/ALiangLiang/repos","events_url":"https://api.github.com/users/ALiangLiang/events{/privacy}","received_events_url":"https://api.github.com/users/ALiangLiang/received_events","type":"User","site_admin":false,"contributions":2},{"login":"HamtaBot","id":62488520,"node_id":"MDQ6VXNlcjYyNDg4NTIw","avatar_url":"https://avatars.githubusercontent.com/u/62488520?v=4","gravatar_id":"","url":"https://api.github.com/users/HamtaBot","html_url":"https://github.com/HamtaBot","followers_url":"https://api.github.com/users/HamtaBot/followers","following_url":"https://api.github.com/users/HamtaBot/following{/other_user}","gists_url":"https://api.github.com/users/HamtaBot/gists{/gist_id}","starred_url":"https://api.github.com/users/HamtaBot/starred{/owner}{/repo}","subscriptions_url":"https://api.github.com/users/HamtaBot/subscriptions","organizations_url":"https://api.github.com/users/HamtaBot/orgs","repos_url":"https://api.github.com/users/HamtaBot/repos","events_url":"https://api.github.com/users/HamtaBot/events{/privacy}","received_events_url":"https://api.github.com/users/HamtaBot/received_events","type":"User","site_admin":false,"contributions":2},{"login":"dhtdht020","id":18469146,"node_id":"MDQ6VXNlcjE4NDY5MTQ2","avatar_url":"https://avatars.githubusercontent.com/u/18469146?v=4","gravatar_id":"","url":"https://api.github.com/users/dhtdht020","html_url":"https://github.com/dhtdht020","followers_url":"https://api.github.com/users/dhtdht020/followers","following_url":"https://api.github.com/users/dhtdht020/following{/other_user}","gists_url":"https://api.github.com/users/dhtdht020/gists{/gist_id}","starred_url":"https://api.github.com/users/dhtdht020/starred{/owner}{/repo}","subscriptions_url":"https://api.github.com/users/dhtdht020/subscriptions","organizations_url":"https://api.github.com/users/dhtdht020/orgs","repos_url":"https://api.github.com/users/dhtdht020/repos","events_url":"https://api.github.com/users/dhtdht020/events{/privacy}","received_events_url":"https://api.github.com/users/dhtdht020/received_events","type":"User","site_admin":false,"contributions":2},{"login":"frfole","id":31668242,"node_id":"MDQ6VXNlcjMxNjY4MjQy","avatar_url":"https://avatars.githubusercontent.com/u/31668242?v=4","gravatar_id":"","url":"https://api.github.com/users/frfole","html_url":"https://github.com/frfole","followers_url":"https://api.github.com/users/frfole/followers","following_url":"https://api.github.com/users/frfole/following{/other_user}","gists_url":"https://api.github.com/users/frfole/gists{/gist_id}","starred_url":"https://api.github.com/users/frfole/starred{/owner}{/repo}","subscriptions_url":"https://api.github.com/users/frfole/subscriptions","organizations_url":"https://api.github.com/users/frfole/orgs","repos_url":"https://api.github.com/users/frfole/repos","events_url":"https://api.github.com/users/frfole/events{/privacy}","received_events_url":"https://api.github.com/users/frfole/received_events","type":"User","site_admin":false,"contributions":2},{"login":"haiman233","id":83174104,"node_id":"MDQ6VXNlcjgzMTc0MTA0","avatar_url":"https://avatars.githubusercontent.com/u/83174104?v=4","gravatar_id":"","url":"https://api.github.com/users/haiman233","html_url":"https://github.com/haiman233","followers_url":"https://api.github.com/users/haiman233/followers","following_url":"https://api.github.com/users/haiman233/following{/other_user}","gists_url":"https://api.github.com/users/haiman233/gists{/gist_id}","starred_url":"https://api.github.com/users/haiman233/starred{/owner}{/repo}","subscriptions_url":"https://api.github.com/users/haiman233/subscriptions","organizations_url":"https://api.github.com/users/haiman233/orgs","repos_url":"https://api.github.com/users/haiman233/repos","events_url":"https://api.github.com/users/haiman233/events{/privacy}","received_events_url":"https://api.github.com/users/haiman233/received_events","type":"User","site_admin":false,"contributions":2},{"login":"that4life","id":60574412,"node_id":"MDQ6VXNlcjYwNTc0NDEy","avatar_url":"https://avatars.githubusercontent.com/u/60574412?v=4","gravatar_id":"","url":"https://api.github.com/users/that4life","html_url":"https://github.com/that4life","followers_url":"https://api.github.com/users/that4life/followers","following_url":"https://api.github.com/users/that4life/following{/other_user}","gists_url":"https://api.github.com/users/that4life/gists{/gist_id}","starred_url":"https://api.github.com/users/that4life/starred{/owner}{/repo}","subscriptions_url":"https://api.github.com/users/that4life/subscriptions","organizations_url":"https://api.github.com/users/that4life/orgs","repos_url":"https://api.github.com/users/that4life/repos","events_url":"https://api.github.com/users/that4life/events{/privacy}","received_events_url":"https://api.github.com/users/that4life/received_events","type":"User","site_admin":false,"contributions":2},{"login":"krazybeat","id":22184771,"node_id":"MDQ6VXNlcjIyMTg0Nzcx","avatar_url":"https://avatars.githubusercontent.com/u/22184771?v=4","gravatar_id":"","url":"https://api.github.com/users/krazybeat","html_url":"https://github.com/krazybeat","followers_url":"https://api.github.com/users/krazybeat/followers","following_url":"https://api.github.com/users/krazybeat/following{/other_user}","gists_url":"https://api.github.com/users/krazybeat/gists{/gist_id}","starred_url":"https://api.github.com/users/krazybeat/starred{/owner}{/repo}","subscriptions_url":"https://api.github.com/users/krazybeat/subscriptions","organizations_url":"https://api.github.com/users/krazybeat/orgs","repos_url":"https://api.github.com/users/krazybeat/repos","events_url":"https://api.github.com/users/krazybeat/events{/privacy}","received_events_url":"https://api.github.com/users/krazybeat/received_events","type":"User","site_admin":false,"contributions":2},{"login":"phoomin2012","id":2673599,"node_id":"MDQ6VXNlcjI2NzM1OTk=","avatar_url":"https://avatars.githubusercontent.com/u/2673599?v=4","gravatar_id":"","url":"https://api.github.com/users/phoomin2012","html_url":"https://github.com/phoomin2012","followers_url":"https://api.github.com/users/phoomin2012/followers","following_url":"https://api.github.com/users/phoomin2012/following{/other_user}","gists_url":"https://api.github.com/users/phoomin2012/gists{/gist_id}","starred_url":"https://api.github.com/users/phoomin2012/starred{/owner}{/repo}","subscriptions_url":"https://api.github.com/users/phoomin2012/subscriptions","organizations_url":"https://api.github.com/users/phoomin2012/orgs","repos_url":"https://api.github.com/users/phoomin2012/repos","events_url":"https://api.github.com/users/phoomin2012/events{/privacy}","received_events_url":"https://api.github.com/users/phoomin2012/received_events","type":"User","site_admin":false,"contributions":2},{"login":"prolletto64","id":68651690,"node_id":"MDQ6VXNlcjY4NjUxNjkw","avatar_url":"https://avatars.githubusercontent.com/u/68651690?v=4","gravatar_id":"","url":"https://api.github.com/users/prolletto64","html_url":"https://github.com/prolletto64","followers_url":"https://api.github.com/users/prolletto64/followers","following_url":"https://api.github.com/users/prolletto64/following{/other_user}","gists_url":"https://api.github.com/users/prolletto64/gists{/gist_id}","starred_url":"https://api.github.com/users/prolletto64/starred{/owner}{/repo}","subscriptions_url":"https://api.github.com/users/prolletto64/subscriptions","organizations_url":"https://api.github.com/users/prolletto64/orgs","repos_url":"https://api.github.com/users/prolletto64/repos","events_url":"https://api.github.com/users/prolletto64/events{/privacy}","received_events_url":"https://api.github.com/users/prolletto64/received_events","type":"User","site_admin":false,"contributions":2},{"login":"Mirayii","id":45139953,"node_id":"MDQ6VXNlcjQ1MTM5OTUz","avatar_url":"https://avatars.githubusercontent.com/u/45139953?v=4","gravatar_id":"","url":"https://api.github.com/users/Mirayii","html_url":"https://github.com/Mirayii","followers_url":"https://api.github.com/users/Mirayii/followers","following_url":"https://api.github.com/users/Mirayii/following{/other_user}","gists_url":"https://api.github.com/users/Mirayii/gists{/gist_id}","starred_url":"https://api.github.com/users/Mirayii/starred{/owner}{/repo}","subscriptions_url":"https://api.github.com/users/Mirayii/subscriptions","organizations_url":"https://api.github.com/users/Mirayii/orgs","repos_url":"https://api.github.com/users/Mirayii/repos","events_url":"https://api.github.com/users/Mirayii/events{/privacy}","received_events_url":"https://api.github.com/users/Mirayii/received_events","type":"User","site_admin":false,"contributions":2},{"login":"Apeiros-46B","id":61390942,"node_id":"MDQ6VXNlcjYxMzkwOTQy","avatar_url":"https://avatars.githubusercontent.com/u/61390942?v=4","gravatar_id":"","url":"https://api.github.com/users/Apeiros-46B","html_url":"https://github.com/Apeiros-46B","followers_url":"https://api.github.com/users/Apeiros-46B/followers","following_url":"https://api.github.com/users/Apeiros-46B/following{/other_user}","gists_url":"https://api.github.com/users/Apeiros-46B/gists{/gist_id}","starred_url":"https://api.github.com/users/Apeiros-46B/starred{/owner}{/repo}","subscriptions_url":"https://api.github.com/users/Apeiros-46B/subscriptions","organizations_url":"https://api.github.com/users/Apeiros-46B/orgs","repos_url":"https://api.github.com/users/Apeiros-46B/repos","events_url":"https://api.github.com/users/Apeiros-46B/events{/privacy}","received_events_url":"https://api.github.com/users/Apeiros-46B/received_events","type":"User","site_admin":false,"contributions":2},{"login":"KingDeadZ","id":38157910,"node_id":"MDQ6VXNlcjM4MTU3OTEw","avatar_url":"https://avatars.githubusercontent.com/u/38157910?v=4","gravatar_id":"","url":"https://api.github.com/users/KingDeadZ","html_url":"https://github.com/KingDeadZ","followers_url":"https://api.github.com/users/KingDeadZ/followers","following_url":"https://api.github.com/users/KingDeadZ/following{/other_user}","gists_url":"https://api.github.com/users/KingDeadZ/gists{/gist_id}","starred_url":"https://api.github.com/users/KingDeadZ/starred{/owner}{/repo}","subscriptions_url":"https://api.github.com/users/KingDeadZ/subscriptions","organizations_url":"https://api.github.com/users/KingDeadZ/orgs","repos_url":"https://api.github.com/users/KingDeadZ/repos","events_url":"https://api.github.com/users/KingDeadZ/events{/privacy}","received_events_url":"https://api.github.com/users/KingDeadZ/received_events","type":"User","site_admin":false,"contributions":2},{"login":"akashagarwal7","id":19175526,"node_id":"MDQ6VXNlcjE5MTc1NTI2","avatar_url":"https://avatars.githubusercontent.com/u/19175526?v=4","gravatar_id":"","url":"https://api.github.com/users/akashagarwal7","html_url":"https://github.com/akashagarwal7","followers_url":"https://api.github.com/users/akashagarwal7/followers","following_url":"https://api.github.com/users/akashagarwal7/following{/other_user}","gists_url":"https://api.github.com/users/akashagarwal7/gists{/gist_id}","starred_url":"https://api.github.com/users/akashagarwal7/starred{/owner}{/repo}","subscriptions_url":"https://api.github.com/users/akashagarwal7/subscriptions","organizations_url":"https://api.github.com/users/akashagarwal7/orgs","repos_url":"https://api.github.com/users/akashagarwal7/repos","events_url":"https://api.github.com/users/akashagarwal7/events{/privacy}","received_events_url":"https://api.github.com/users/akashagarwal7/received_events","type":"User","site_admin":false,"contributions":2},{"login":"Bencey","id":33912370,"node_id":"MDQ6VXNlcjMzOTEyMzcw","avatar_url":"https://avatars.githubusercontent.com/u/33912370?v=4","gravatar_id":"","url":"https://api.github.com/users/Bencey","html_url":"https://github.com/Bencey","followers_url":"https://api.github.com/users/Bencey/followers","following_url":"https://api.github.com/users/Bencey/following{/other_user}","gists_url":"https://api.github.com/users/Bencey/gists{/gist_id}","starred_url":"https://api.github.com/users/Bencey/starred{/owner}{/repo}","subscriptions_url":"https://api.github.com/users/Bencey/subscriptions","organizations_url":"https://api.github.com/users/Bencey/orgs","repos_url":"https://api.github.com/users/Bencey/repos","events_url":"https://api.github.com/users/Bencey/events{/privacy}","received_events_url":"https://api.github.com/users/Bencey/received_events","type":"User","site_admin":false,"contributions":2},{"login":"jphipps3","id":18130491,"node_id":"MDQ6VXNlcjE4MTMwNDkx","avatar_url":"https://avatars.githubusercontent.com/u/18130491?v=4","gravatar_id":"","url":"https://api.github.com/users/jphipps3","html_url":"https://github.com/jphipps3","followers_url":"https://api.github.com/users/jphipps3/followers","following_url":"https://api.github.com/users/jphipps3/following{/other_user}","gists_url":"https://api.github.com/users/jphipps3/gists{/gist_id}","starred_url":"https://api.github.com/users/jphipps3/starred{/owner}{/repo}","subscriptions_url":"https://api.github.com/users/jphipps3/subscriptions","organizations_url":"https://api.github.com/users/jphipps3/orgs","repos_url":"https://api.github.com/users/jphipps3/repos","events_url":"https://api.github.com/users/jphipps3/events{/privacy}","received_events_url":"https://api.github.com/users/jphipps3/received_events","type":"User","site_admin":false,"contributions":2},{"login":"Kry-Vosa","id":18193957,"node_id":"MDQ6VXNlcjE4MTkzOTU3","avatar_url":"https://avatars.githubusercontent.com/u/18193957?v=4","gravatar_id":"","url":"https://api.github.com/users/Kry-Vosa","html_url":"https://github.com/Kry-Vosa","followers_url":"https://api.github.com/users/Kry-Vosa/followers","following_url":"https://api.github.com/users/Kry-Vosa/following{/other_user}","gists_url":"https://api.github.com/users/Kry-Vosa/gists{/gist_id}","starred_url":"https://api.github.com/users/Kry-Vosa/starred{/owner}{/repo}","subscriptions_url":"https://api.github.com/users/Kry-Vosa/subscriptions","organizations_url":"https://api.github.com/users/Kry-Vosa/orgs","repos_url":"https://api.github.com/users/Kry-Vosa/repos","events_url":"https://api.github.com/users/Kry-Vosa/events{/privacy}","received_events_url":"https://api.github.com/users/Kry-Vosa/received_events","type":"User","site_admin":false,"contributions":2},{"login":"LirCZE","id":63676821,"node_id":"MDQ6VXNlcjYzNjc2ODIx","avatar_url":"https://avatars.githubusercontent.com/u/63676821?v=4","gravatar_id":"","url":"https://api.github.com/users/LirCZE","html_url":"https://github.com/LirCZE","followers_url":"https://api.github.com/users/LirCZE/followers","following_url":"https://api.github.com/users/LirCZE/following{/other_user}","gists_url":"https://api.github.com/users/LirCZE/gists{/gist_id}","starred_url":"https://api.github.com/users/LirCZE/starred{/owner}{/repo}","subscriptions_url":"https://api.github.com/users/LirCZE/subscriptions","organizations_url":"https://api.github.com/users/LirCZE/orgs","repos_url":"https://api.github.com/users/LirCZE/repos","events_url":"https://api.github.com/users/LirCZE/events{/privacy}","received_events_url":"https://api.github.com/users/LirCZE/received_events","type":"User","site_admin":false,"contributions":2},{"login":"MSK9","id":25961679,"node_id":"MDQ6VXNlcjI1OTYxNjc5","avatar_url":"https://avatars.githubusercontent.com/u/25961679?v=4","gravatar_id":"","url":"https://api.github.com/users/MSK9","html_url":"https://github.com/MSK9","followers_url":"https://api.github.com/users/MSK9/followers","following_url":"https://api.github.com/users/MSK9/following{/other_user}","gists_url":"https://api.github.com/users/MSK9/gists{/gist_id}","starred_url":"https://api.github.com/users/MSK9/starred{/owner}{/repo}","subscriptions_url":"https://api.github.com/users/MSK9/subscriptions","organizations_url":"https://api.github.com/users/MSK9/orgs","repos_url":"https://api.github.com/users/MSK9/repos","events_url":"https://api.github.com/users/MSK9/events{/privacy}","received_events_url":"https://api.github.com/users/MSK9/received_events","type":"User","site_admin":false,"contributions":2},{"login":"Molioron","id":53093045,"node_id":"MDQ6VXNlcjUzMDkzMDQ1","avatar_url":"https://avatars.githubusercontent.com/u/53093045?v=4","gravatar_id":"","url":"https://api.github.com/users/Molioron","html_url":"https://github.com/Molioron","followers_url":"https://api.github.com/users/Molioron/followers","following_url":"https://api.github.com/users/Molioron/following{/other_user}","gists_url":"https://api.github.com/users/Molioron/gists{/gist_id}","starred_url":"https://api.github.com/users/Molioron/starred{/owner}{/repo}","subscriptions_url":"https://api.github.com/users/Molioron/subscriptions","organizations_url":"https://api.github.com/users/Molioron/orgs","repos_url":"https://api.github.com/users/Molioron/repos","events_url":"https://api.github.com/users/Molioron/events{/privacy}","received_events_url":"https://api.github.com/users/Molioron/received_events","type":"User","site_admin":false,"contributions":2},{"login":"Oreo-san","id":25709824,"node_id":"MDQ6VXNlcjI1NzA5ODI0","avatar_url":"https://avatars.githubusercontent.com/u/25709824?v=4","gravatar_id":"","url":"https://api.github.com/users/Oreo-san","html_url":"https://github.com/Oreo-san","followers_url":"https://api.github.com/users/Oreo-san/followers","following_url":"https://api.github.com/users/Oreo-san/following{/other_user}","gists_url":"https://api.github.com/users/Oreo-san/gists{/gist_id}","starred_url":"https://api.github.com/users/Oreo-san/starred{/owner}{/repo}","subscriptions_url":"https://api.github.com/users/Oreo-san/subscriptions","organizations_url":"https://api.github.com/users/Oreo-san/orgs","repos_url":"https://api.github.com/users/Oreo-san/repos","events_url":"https://api.github.com/users/Oreo-san/events{/privacy}","received_events_url":"https://api.github.com/users/Oreo-san/received_events","type":"User","site_admin":false,"contributions":2},{"login":"OmerBenGera","id":9929651,"node_id":"MDQ6VXNlcjk5Mjk2NTE=","avatar_url":"https://avatars.githubusercontent.com/u/9929651?v=4","gravatar_id":"","url":"https://api.github.com/users/OmerBenGera","html_url":"https://github.com/OmerBenGera","followers_url":"https://api.github.com/users/OmerBenGera/followers","following_url":"https://api.github.com/users/OmerBenGera/following{/other_user}","gists_url":"https://api.github.com/users/OmerBenGera/gists{/gist_id}","starred_url":"https://api.github.com/users/OmerBenGera/starred{/owner}{/repo}","subscriptions_url":"https://api.github.com/users/OmerBenGera/subscriptions","organizations_url":"https://api.github.com/users/OmerBenGera/orgs","repos_url":"https://api.github.com/users/OmerBenGera/repos","events_url":"https://api.github.com/users/OmerBenGera/events{/privacy}","received_events_url":"https://api.github.com/users/OmerBenGera/received_events","type":"User","site_admin":false,"contributions":2},{"login":"PixelHotDog","id":60516048,"node_id":"MDQ6VXNlcjYwNTE2MDQ4","avatar_url":"https://avatars.githubusercontent.com/u/60516048?v=4","gravatar_id":"","url":"https://api.github.com/users/PixelHotDog","html_url":"https://github.com/PixelHotDog","followers_url":"https://api.github.com/users/PixelHotDog/followers","following_url":"https://api.github.com/users/PixelHotDog/following{/other_user}","gists_url":"https://api.github.com/users/PixelHotDog/gists{/gist_id}","starred_url":"https://api.github.com/users/PixelHotDog/starred{/owner}{/repo}","subscriptions_url":"https://api.github.com/users/PixelHotDog/subscriptions","organizations_url":"https://api.github.com/users/PixelHotDog/orgs","repos_url":"https://api.github.com/users/PixelHotDog/repos","events_url":"https://api.github.com/users/PixelHotDog/events{/privacy}","received_events_url":"https://api.github.com/users/PixelHotDog/received_events","type":"User","site_admin":false,"contributions":2},{"login":"Rafrael17k","id":65273733,"node_id":"MDQ6VXNlcjY1MjczNzMz","avatar_url":"https://avatars.githubusercontent.com/u/65273733?v=4","gravatar_id":"","url":"https://api.github.com/users/Rafrael17k","html_url":"https://github.com/Rafrael17k","followers_url":"https://api.github.com/users/Rafrael17k/followers","following_url":"https://api.github.com/users/Rafrael17k/following{/other_user}","gists_url":"https://api.github.com/users/Rafrael17k/gists{/gist_id}","starred_url":"https://api.github.com/users/Rafrael17k/starred{/owner}{/repo}","subscriptions_url":"https://api.github.com/users/Rafrael17k/subscriptions","organizations_url":"https://api.github.com/users/Rafrael17k/orgs","repos_url":"https://api.github.com/users/Rafrael17k/repos","events_url":"https://api.github.com/users/Rafrael17k/events{/privacy}","received_events_url":"https://api.github.com/users/Rafrael17k/received_events","type":"User","site_admin":false,"contributions":2},{"login":"Speebr0","id":100388782,"node_id":"U_kgDOBfvPrg","avatar_url":"https://avatars.githubusercontent.com/u/100388782?v=4","gravatar_id":"","url":"https://api.github.com/users/Speebr0","html_url":"https://github.com/Speebr0","followers_url":"https://api.github.com/users/Speebr0/followers","following_url":"https://api.github.com/users/Speebr0/following{/other_user}","gists_url":"https://api.github.com/users/Speebr0/gists{/gist_id}","starred_url":"https://api.github.com/users/Speebr0/starred{/owner}{/repo}","subscriptions_url":"https://api.github.com/users/Speebr0/subscriptions","organizations_url":"https://api.github.com/users/Speebr0/orgs","repos_url":"https://api.github.com/users/Speebr0/repos","events_url":"https://api.github.com/users/Speebr0/events{/privacy}","received_events_url":"https://api.github.com/users/Speebr0/received_events","type":"User","site_admin":false,"contributions":2},{"login":"Sven313D","id":63853676,"node_id":"MDQ6VXNlcjYzODUzNjc2","avatar_url":"https://avatars.githubusercontent.com/u/63853676?v=4","gravatar_id":"","url":"https://api.github.com/users/Sven313D","html_url":"https://github.com/Sven313D","followers_url":"https://api.github.com/users/Sven313D/followers","following_url":"https://api.github.com/users/Sven313D/following{/other_user}","gists_url":"https://api.github.com/users/Sven313D/gists{/gist_id}","starred_url":"https://api.github.com/users/Sven313D/starred{/owner}{/repo}","subscriptions_url":"https://api.github.com/users/Sven313D/subscriptions","organizations_url":"https://api.github.com/users/Sven313D/orgs","repos_url":"https://api.github.com/users/Sven313D/repos","events_url":"https://api.github.com/users/Sven313D/events{/privacy}","received_events_url":"https://api.github.com/users/Sven313D/received_events","type":"User","site_admin":false,"contributions":2},{"login":"TheWireLord","id":25001482,"node_id":"MDQ6VXNlcjI1MDAxNDgy","avatar_url":"https://avatars.githubusercontent.com/u/25001482?v=4","gravatar_id":"","url":"https://api.github.com/users/TheWireLord","html_url":"https://github.com/TheWireLord","followers_url":"https://api.github.com/users/TheWireLord/followers","following_url":"https://api.github.com/users/TheWireLord/following{/other_user}","gists_url":"https://api.github.com/users/TheWireLord/gists{/gist_id}","starred_url":"https://api.github.com/users/TheWireLord/starred{/owner}{/repo}","subscriptions_url":"https://api.github.com/users/TheWireLord/subscriptions","organizations_url":"https://api.github.com/users/TheWireLord/orgs","repos_url":"https://api.github.com/users/TheWireLord/repos","events_url":"https://api.github.com/users/TheWireLord/events{/privacy}","received_events_url":"https://api.github.com/users/TheWireLord/received_events","type":"User","site_admin":false,"contributions":2},{"login":"ENRein","id":57346019,"node_id":"MDQ6VXNlcjU3MzQ2MDE5","avatar_url":"https://avatars.githubusercontent.com/u/57346019?v=4","gravatar_id":"","url":"https://api.github.com/users/ENRein","html_url":"https://github.com/ENRein","followers_url":"https://api.github.com/users/ENRein/followers","following_url":"https://api.github.com/users/ENRein/following{/other_user}","gists_url":"https://api.github.com/users/ENRein/gists{/gist_id}","starred_url":"https://api.github.com/users/ENRein/starred{/owner}{/repo}","subscriptions_url":"https://api.github.com/users/ENRein/subscriptions","organizations_url":"https://api.github.com/users/ENRein/orgs","repos_url":"https://api.github.com/users/ENRein/repos","events_url":"https://api.github.com/users/ENRein/events{/privacy}","received_events_url":"https://api.github.com/users/ENRein/received_events","type":"User","site_admin":false,"contributions":1},{"login":"TypischTeun","id":64313314,"node_id":"MDQ6VXNlcjY0MzEzMzE0","avatar_url":"https://avatars.githubusercontent.com/u/64313314?v=4","gravatar_id":"","url":"https://api.github.com/users/TypischTeun","html_url":"https://github.com/TypischTeun","followers_url":"https://api.github.com/users/TypischTeun/followers","following_url":"https://api.github.com/users/TypischTeun/following{/other_user}","gists_url":"https://api.github.com/users/TypischTeun/gists{/gist_id}","starred_url":"https://api.github.com/users/TypischTeun/starred{/owner}{/repo}","subscriptions_url":"https://api.github.com/users/TypischTeun/subscriptions","organizations_url":"https://api.github.com/users/TypischTeun/orgs","repos_url":"https://api.github.com/users/TypischTeun/repos","events_url":"https://api.github.com/users/TypischTeun/events{/privacy}","received_events_url":"https://api.github.com/users/TypischTeun/received_events","type":"User","site_admin":false,"contributions":1},{"login":"Thezerix","id":54988397,"node_id":"MDQ6VXNlcjU0OTg4Mzk3","avatar_url":"https://avatars.githubusercontent.com/u/54988397?v=4","gravatar_id":"","url":"https://api.github.com/users/Thezerix","html_url":"https://github.com/Thezerix","followers_url":"https://api.github.com/users/Thezerix/followers","following_url":"https://api.github.com/users/Thezerix/following{/other_user}","gists_url":"https://api.github.com/users/Thezerix/gists{/gist_id}","starred_url":"https://api.github.com/users/Thezerix/starred{/owner}{/repo}","subscriptions_url":"https://api.github.com/users/Thezerix/subscriptions","organizations_url":"https://api.github.com/users/Thezerix/orgs","repos_url":"https://api.github.com/users/Thezerix/repos","events_url":"https://api.github.com/users/Thezerix/events{/privacy}","received_events_url":"https://api.github.com/users/Thezerix/received_events","type":"User","site_admin":false,"contributions":1},{"login":"YoannSeurat","id":74317778,"node_id":"MDQ6VXNlcjc0MzE3Nzc4","avatar_url":"https://avatars.githubusercontent.com/u/74317778?v=4","gravatar_id":"","url":"https://api.github.com/users/YoannSeurat","html_url":"https://github.com/YoannSeurat","followers_url":"https://api.github.com/users/YoannSeurat/followers","following_url":"https://api.github.com/users/YoannSeurat/following{/other_user}","gists_url":"https://api.github.com/users/YoannSeurat/gists{/gist_id}","starred_url":"https://api.github.com/users/YoannSeurat/starred{/owner}{/repo}","subscriptions_url":"https://api.github.com/users/YoannSeurat/subscriptions","organizations_url":"https://api.github.com/users/YoannSeurat/orgs","repos_url":"https://api.github.com/users/YoannSeurat/repos","events_url":"https://api.github.com/users/YoannSeurat/events{/privacy}","received_events_url":"https://api.github.com/users/YoannSeurat/received_events","type":"User","site_admin":false,"contributions":1},{"login":"Tengoblinekcz","id":60844598,"node_id":"MDQ6VXNlcjYwODQ0NTk4","avatar_url":"https://avatars.githubusercontent.com/u/60844598?v=4","gravatar_id":"","url":"https://api.github.com/users/Tengoblinekcz","html_url":"https://github.com/Tengoblinekcz","followers_url":"https://api.github.com/users/Tengoblinekcz/followers","following_url":"https://api.github.com/users/Tengoblinekcz/following{/other_user}","gists_url":"https://api.github.com/users/Tengoblinekcz/gists{/gist_id}","starred_url":"https://api.github.com/users/Tengoblinekcz/starred{/owner}{/repo}","subscriptions_url":"https://api.github.com/users/Tengoblinekcz/subscriptions","organizations_url":"https://api.github.com/users/Tengoblinekcz/orgs","repos_url":"https://api.github.com/users/Tengoblinekcz/repos","events_url":"https://api.github.com/users/Tengoblinekcz/events{/privacy}","received_events_url":"https://api.github.com/users/Tengoblinekcz/received_events","type":"User","site_admin":false,"contributions":1},{"login":"Sxigames","id":24579265,"node_id":"MDQ6VXNlcjI0NTc5MjY1","avatar_url":"https://avatars.githubusercontent.com/u/24579265?v=4","gravatar_id":"","url":"https://api.github.com/users/Sxigames","html_url":"https://github.com/Sxigames","followers_url":"https://api.github.com/users/Sxigames/followers","following_url":"https://api.github.com/users/Sxigames/following{/other_user}","gists_url":"https://api.github.com/users/Sxigames/gists{/gist_id}","starred_url":"https://api.github.com/users/Sxigames/starred{/owner}{/repo}","subscriptions_url":"https://api.github.com/users/Sxigames/subscriptions","organizations_url":"https://api.github.com/users/Sxigames/orgs","repos_url":"https://api.github.com/users/Sxigames/repos","events_url":"https://api.github.com/users/Sxigames/events{/privacy}","received_events_url":"https://api.github.com/users/Sxigames/received_events","type":"User","site_admin":false,"contributions":1},{"login":"Skizzles","id":30563757,"node_id":"MDQ6VXNlcjMwNTYzNzU3","avatar_url":"https://avatars.githubusercontent.com/u/30563757?v=4","gravatar_id":"","url":"https://api.github.com/users/Skizzles","html_url":"https://github.com/Skizzles","followers_url":"https://api.github.com/users/Skizzles/followers","following_url":"https://api.github.com/users/Skizzles/following{/other_user}","gists_url":"https://api.github.com/users/Skizzles/gists{/gist_id}","starred_url":"https://api.github.com/users/Skizzles/starred{/owner}{/repo}","subscriptions_url":"https://api.github.com/users/Skizzles/subscriptions","organizations_url":"https://api.github.com/users/Skizzles/orgs","repos_url":"https://api.github.com/users/Skizzles/repos","events_url":"https://api.github.com/users/Skizzles/events{/privacy}","received_events_url":"https://api.github.com/users/Skizzles/received_events","type":"User","site_admin":false,"contributions":1},{"login":"st392","id":1343108,"node_id":"MDQ6VXNlcjEzNDMxMDg=","avatar_url":"https://avatars.githubusercontent.com/u/1343108?v=4","gravatar_id":"","url":"https://api.github.com/users/st392","html_url":"https://github.com/st392","followers_url":"https://api.github.com/users/st392/followers","following_url":"https://api.github.com/users/st392/following{/other_user}","gists_url":"https://api.github.com/users/st392/gists{/gist_id}","starred_url":"https://api.github.com/users/st392/starred{/owner}{/repo}","subscriptions_url":"https://api.github.com/users/st392/subscriptions","organizations_url":"https://api.github.com/users/st392/orgs","repos_url":"https://api.github.com/users/st392/repos","events_url":"https://api.github.com/users/st392/events{/privacy}","received_events_url":"https://api.github.com/users/st392/received_events","type":"User","site_admin":false,"contributions":1},{"login":"SchnTgaiSpock","id":101147426,"node_id":"U_kgDOBgdjIg","avatar_url":"https://avatars.githubusercontent.com/u/101147426?v=4","gravatar_id":"","url":"https://api.github.com/users/SchnTgaiSpock","html_url":"https://github.com/SchnTgaiSpock","followers_url":"https://api.github.com/users/SchnTgaiSpock/followers","following_url":"https://api.github.com/users/SchnTgaiSpock/following{/other_user}","gists_url":"https://api.github.com/users/SchnTgaiSpock/gists{/gist_id}","starred_url":"https://api.github.com/users/SchnTgaiSpock/starred{/owner}{/repo}","subscriptions_url":"https://api.github.com/users/SchnTgaiSpock/subscriptions","organizations_url":"https://api.github.com/users/SchnTgaiSpock/orgs","repos_url":"https://api.github.com/users/SchnTgaiSpock/repos","events_url":"https://api.github.com/users/SchnTgaiSpock/events{/privacy}","received_events_url":"https://api.github.com/users/SchnTgaiSpock/received_events","type":"User","site_admin":false,"contributions":1},{"login":"Sakanas","id":18356140,"node_id":"MDQ6VXNlcjE4MzU2MTQw","avatar_url":"https://avatars.githubusercontent.com/u/18356140?v=4","gravatar_id":"","url":"https://api.github.com/users/Sakanas","html_url":"https://github.com/Sakanas","followers_url":"https://api.github.com/users/Sakanas/followers","following_url":"https://api.github.com/users/Sakanas/following{/other_user}","gists_url":"https://api.github.com/users/Sakanas/gists{/gist_id}","starred_url":"https://api.github.com/users/Sakanas/starred{/owner}{/repo}","subscriptions_url":"https://api.github.com/users/Sakanas/subscriptions","organizations_url":"https://api.github.com/users/Sakanas/orgs","repos_url":"https://api.github.com/users/Sakanas/repos","events_url":"https://api.github.com/users/Sakanas/events{/privacy}","received_events_url":"https://api.github.com/users/Sakanas/received_events","type":"User","site_admin":false,"contributions":1},{"login":"riccardolf","id":1560049,"node_id":"MDQ6VXNlcjE1NjAwNDk=","avatar_url":"https://avatars.githubusercontent.com/u/1560049?v=4","gravatar_id":"","url":"https://api.github.com/users/riccardolf","html_url":"https://github.com/riccardolf","followers_url":"https://api.github.com/users/riccardolf/followers","following_url":"https://api.github.com/users/riccardolf/following{/other_user}","gists_url":"https://api.github.com/users/riccardolf/gists{/gist_id}","starred_url":"https://api.github.com/users/riccardolf/starred{/owner}{/repo}","subscriptions_url":"https://api.github.com/users/riccardolf/subscriptions","organizations_url":"https://api.github.com/users/riccardolf/orgs","repos_url":"https://api.github.com/users/riccardolf/repos","events_url":"https://api.github.com/users/riccardolf/events{/privacy}","received_events_url":"https://api.github.com/users/riccardolf/received_events","type":"User","site_admin":false,"contributions":1},{"login":"bobhenl","id":18662086,"node_id":"MDQ6VXNlcjE4NjYyMDg2","avatar_url":"https://avatars.githubusercontent.com/u/18662086?v=4","gravatar_id":"","url":"https://api.github.com/users/bobhenl","html_url":"https://github.com/bobhenl","followers_url":"https://api.github.com/users/bobhenl/followers","following_url":"https://api.github.com/users/bobhenl/following{/other_user}","gists_url":"https://api.github.com/users/bobhenl/gists{/gist_id}","starred_url":"https://api.github.com/users/bobhenl/starred{/owner}{/repo}","subscriptions_url":"https://api.github.com/users/bobhenl/subscriptions","organizations_url":"https://api.github.com/users/bobhenl/orgs","repos_url":"https://api.github.com/users/bobhenl/repos","events_url":"https://api.github.com/users/bobhenl/events{/privacy}","received_events_url":"https://api.github.com/users/bobhenl/received_events","type":"User","site_admin":false,"contributions":1},{"login":"Xylitus","id":60488366,"node_id":"MDQ6VXNlcjYwNDg4MzY2","avatar_url":"https://avatars.githubusercontent.com/u/60488366?v=4","gravatar_id":"","url":"https://api.github.com/users/Xylitus","html_url":"https://github.com/Xylitus","followers_url":"https://api.github.com/users/Xylitus/followers","following_url":"https://api.github.com/users/Xylitus/following{/other_user}","gists_url":"https://api.github.com/users/Xylitus/gists{/gist_id}","starred_url":"https://api.github.com/users/Xylitus/starred{/owner}{/repo}","subscriptions_url":"https://api.github.com/users/Xylitus/subscriptions","organizations_url":"https://api.github.com/users/Xylitus/orgs","repos_url":"https://api.github.com/users/Xylitus/repos","events_url":"https://api.github.com/users/Xylitus/events{/privacy}","received_events_url":"https://api.github.com/users/Xylitus/received_events","type":"User","site_admin":false,"contributions":1},{"login":"Noumaa","id":39864318,"node_id":"MDQ6VXNlcjM5ODY0MzE4","avatar_url":"https://avatars.githubusercontent.com/u/39864318?v=4","gravatar_id":"","url":"https://api.github.com/users/Noumaa","html_url":"https://github.com/Noumaa","followers_url":"https://api.github.com/users/Noumaa/followers","following_url":"https://api.github.com/users/Noumaa/following{/other_user}","gists_url":"https://api.github.com/users/Noumaa/gists{/gist_id}","starred_url":"https://api.github.com/users/Noumaa/starred{/owner}{/repo}","subscriptions_url":"https://api.github.com/users/Noumaa/subscriptions","organizations_url":"https://api.github.com/users/Noumaa/orgs","repos_url":"https://api.github.com/users/Noumaa/repos","events_url":"https://api.github.com/users/Noumaa/events{/privacy}","received_events_url":"https://api.github.com/users/Noumaa/received_events","type":"User","site_admin":false,"contributions":1},{"login":"NotUmBr4","id":60488573,"node_id":"MDQ6VXNlcjYwNDg4NTcz","avatar_url":"https://avatars.githubusercontent.com/u/60488573?v=4","gravatar_id":"","url":"https://api.github.com/users/NotUmBr4","html_url":"https://github.com/NotUmBr4","followers_url":"https://api.github.com/users/NotUmBr4/followers","following_url":"https://api.github.com/users/NotUmBr4/following{/other_user}","gists_url":"https://api.github.com/users/NotUmBr4/gists{/gist_id}","starred_url":"https://api.github.com/users/NotUmBr4/starred{/owner}{/repo}","subscriptions_url":"https://api.github.com/users/NotUmBr4/subscriptions","organizations_url":"https://api.github.com/users/NotUmBr4/orgs","repos_url":"https://api.github.com/users/NotUmBr4/repos","events_url":"https://api.github.com/users/NotUmBr4/events{/privacy}","received_events_url":"https://api.github.com/users/NotUmBr4/received_events","type":"User","site_admin":false,"contributions":1},{"login":"0XPYEX0","id":50171612,"node_id":"MDQ6VXNlcjUwMTcxNjEy","avatar_url":"https://avatars.githubusercontent.com/u/50171612?v=4","gravatar_id":"","url":"https://api.github.com/users/0XPYEX0","html_url":"https://github.com/0XPYEX0","followers_url":"https://api.github.com/users/0XPYEX0/followers","following_url":"https://api.github.com/users/0XPYEX0/following{/other_user}","gists_url":"https://api.github.com/users/0XPYEX0/gists{/gist_id}","starred_url":"https://api.github.com/users/0XPYEX0/starred{/owner}{/repo}","subscriptions_url":"https://api.github.com/users/0XPYEX0/subscriptions","organizations_url":"https://api.github.com/users/0XPYEX0/orgs","repos_url":"https://api.github.com/users/0XPYEX0/repos","events_url":"https://api.github.com/users/0XPYEX0/events{/privacy}","received_events_url":"https://api.github.com/users/0XPYEX0/received_events","type":"User","site_admin":false,"contributions":1},{"login":"tnthomastn","id":60486320,"node_id":"MDQ6VXNlcjYwNDg2MzIw","avatar_url":"https://avatars.githubusercontent.com/u/60486320?v=4","gravatar_id":"","url":"https://api.github.com/users/tnthomastn","html_url":"https://github.com/tnthomastn","followers_url":"https://api.github.com/users/tnthomastn/followers","following_url":"https://api.github.com/users/tnthomastn/following{/other_user}","gists_url":"https://api.github.com/users/tnthomastn/gists{/gist_id}","starred_url":"https://api.github.com/users/tnthomastn/starred{/owner}{/repo}","subscriptions_url":"https://api.github.com/users/tnthomastn/subscriptions","organizations_url":"https://api.github.com/users/tnthomastn/orgs","repos_url":"https://api.github.com/users/tnthomastn/repos","events_url":"https://api.github.com/users/tnthomastn/events{/privacy}","received_events_url":"https://api.github.com/users/tnthomastn/received_events","type":"User","site_admin":false,"contributions":1},{"login":"sirhCCC","id":60772305,"node_id":"MDQ6VXNlcjYwNzcyMzA1","avatar_url":"https://avatars.githubusercontent.com/u/60772305?v=4","gravatar_id":"","url":"https://api.github.com/users/sirhCCC","html_url":"https://github.com/sirhCCC","followers_url":"https://api.github.com/users/sirhCCC/followers","following_url":"https://api.github.com/users/sirhCCC/following{/other_user}","gists_url":"https://api.github.com/users/sirhCCC/gists{/gist_id}","starred_url":"https://api.github.com/users/sirhCCC/starred{/owner}{/repo}","subscriptions_url":"https://api.github.com/users/sirhCCC/subscriptions","organizations_url":"https://api.github.com/users/sirhCCC/orgs","repos_url":"https://api.github.com/users/sirhCCC/repos","events_url":"https://api.github.com/users/sirhCCC/events{/privacy}","received_events_url":"https://api.github.com/users/sirhCCC/received_events","type":"User","site_admin":false,"contributions":1},{"login":"peppower","id":78913086,"node_id":"MDQ6VXNlcjc4OTEzMDg2","avatar_url":"https://avatars.githubusercontent.com/u/78913086?v=4","gravatar_id":"","url":"https://api.github.com/users/peppower","html_url":"https://github.com/peppower","followers_url":"https://api.github.com/users/peppower/followers","following_url":"https://api.github.com/users/peppower/following{/other_user}","gists_url":"https://api.github.com/users/peppower/gists{/gist_id}","starred_url":"https://api.github.com/users/peppower/starred{/owner}{/repo}","subscriptions_url":"https://api.github.com/users/peppower/subscriptions","organizations_url":"https://api.github.com/users/peppower/orgs","repos_url":"https://api.github.com/users/peppower/repos","events_url":"https://api.github.com/users/peppower/events{/privacy}","received_events_url":"https://api.github.com/users/peppower/received_events","type":"User","site_admin":false,"contributions":1},{"login":"naveensrinivasan","id":172697,"node_id":"MDQ6VXNlcjE3MjY5Nw==","avatar_url":"https://avatars.githubusercontent.com/u/172697?v=4","gravatar_id":"","url":"https://api.github.com/users/naveensrinivasan","html_url":"https://github.com/naveensrinivasan","followers_url":"https://api.github.com/users/naveensrinivasan/followers","following_url":"https://api.github.com/users/naveensrinivasan/following{/other_user}","gists_url":"https://api.github.com/users/naveensrinivasan/gists{/gist_id}","starred_url":"https://api.github.com/users/naveensrinivasan/starred{/owner}{/repo}","subscriptions_url":"https://api.github.com/users/naveensrinivasan/subscriptions","organizations_url":"https://api.github.com/users/naveensrinivasan/orgs","repos_url":"https://api.github.com/users/naveensrinivasan/repos","events_url":"https://api.github.com/users/naveensrinivasan/events{/privacy}","received_events_url":"https://api.github.com/users/naveensrinivasan/received_events","type":"User","site_admin":false,"contributions":1},{"login":"milvantiou","id":72632055,"node_id":"MDQ6VXNlcjcyNjMyMDU1","avatar_url":"https://avatars.githubusercontent.com/u/72632055?v=4","gravatar_id":"","url":"https://api.github.com/users/milvantiou","html_url":"https://github.com/milvantiou","followers_url":"https://api.github.com/users/milvantiou/followers","following_url":"https://api.github.com/users/milvantiou/following{/other_user}","gists_url":"https://api.github.com/users/milvantiou/gists{/gist_id}","starred_url":"https://api.github.com/users/milvantiou/starred{/owner}{/repo}","subscriptions_url":"https://api.github.com/users/milvantiou/subscriptions","organizations_url":"https://api.github.com/users/milvantiou/orgs","repos_url":"https://api.github.com/users/milvantiou/repos","events_url":"https://api.github.com/users/milvantiou/events{/privacy}","received_events_url":"https://api.github.com/users/milvantiou/received_events","type":"User","site_admin":false,"contributions":1},{"login":"koloksk","id":34625628,"node_id":"MDQ6VXNlcjM0NjI1NjI4","avatar_url":"https://avatars.githubusercontent.com/u/34625628?v=4","gravatar_id":"","url":"https://api.github.com/users/koloksk","html_url":"https://github.com/koloksk","followers_url":"https://api.github.com/users/koloksk/followers","following_url":"https://api.github.com/users/koloksk/following{/other_user}","gists_url":"https://api.github.com/users/koloksk/gists{/gist_id}","starred_url":"https://api.github.com/users/koloksk/starred{/owner}{/repo}","subscriptions_url":"https://api.github.com/users/koloksk/subscriptions","organizations_url":"https://api.github.com/users/koloksk/orgs","repos_url":"https://api.github.com/users/koloksk/repos","events_url":"https://api.github.com/users/koloksk/events{/privacy}","received_events_url":"https://api.github.com/users/koloksk/received_events","type":"User","site_admin":false,"contributions":1},{"login":"freethemice","id":6777346,"node_id":"MDQ6VXNlcjY3NzczNDY=","avatar_url":"https://avatars.githubusercontent.com/u/6777346?v=4","gravatar_id":"","url":"https://api.github.com/users/freethemice","html_url":"https://github.com/freethemice","followers_url":"https://api.github.com/users/freethemice/followers","following_url":"https://api.github.com/users/freethemice/following{/other_user}","gists_url":"https://api.github.com/users/freethemice/gists{/gist_id}","starred_url":"https://api.github.com/users/freethemice/starred{/owner}{/repo}","subscriptions_url":"https://api.github.com/users/freethemice/subscriptions","organizations_url":"https://api.github.com/users/freethemice/orgs","repos_url":"https://api.github.com/users/freethemice/repos","events_url":"https://api.github.com/users/freethemice/events{/privacy}","received_events_url":"https://api.github.com/users/freethemice/received_events","type":"User","site_admin":false,"contributions":1},{"login":"d-l-n","id":56566724,"node_id":"MDQ6VXNlcjU2NTY2NzI0","avatar_url":"https://avatars.githubusercontent.com/u/56566724?v=4","gravatar_id":"","url":"https://api.github.com/users/d-l-n","html_url":"https://github.com/d-l-n","followers_url":"https://api.github.com/users/d-l-n/followers","following_url":"https://api.github.com/users/d-l-n/following{/other_user}","gists_url":"https://api.github.com/users/d-l-n/gists{/gist_id}","starred_url":"https://api.github.com/users/d-l-n/starred{/owner}{/repo}","subscriptions_url":"https://api.github.com/users/d-l-n/subscriptions","organizations_url":"https://api.github.com/users/d-l-n/orgs","repos_url":"https://api.github.com/users/d-l-n/repos","events_url":"https://api.github.com/users/d-l-n/events{/privacy}","received_events_url":"https://api.github.com/users/d-l-n/received_events","type":"User","site_admin":false,"contributions":1},{"login":"developer-pseudo","id":71831643,"node_id":"MDQ6VXNlcjcxODMxNjQz","avatar_url":"https://avatars.githubusercontent.com/u/71831643?v=4","gravatar_id":"","url":"https://api.github.com/users/developer-pseudo","html_url":"https://github.com/developer-pseudo","followers_url":"https://api.github.com/users/developer-pseudo/followers","following_url":"https://api.github.com/users/developer-pseudo/following{/other_user}","gists_url":"https://api.github.com/users/developer-pseudo/gists{/gist_id}","starred_url":"https://api.github.com/users/developer-pseudo/starred{/owner}{/repo}","subscriptions_url":"https://api.github.com/users/developer-pseudo/subscriptions","organizations_url":"https://api.github.com/users/developer-pseudo/orgs","repos_url":"https://api.github.com/users/developer-pseudo/repos","events_url":"https://api.github.com/users/developer-pseudo/events{/privacy}","received_events_url":"https://api.github.com/users/developer-pseudo/received_events","type":"User","site_admin":false,"contributions":1},{"login":"daro2404","id":60579840,"node_id":"MDQ6VXNlcjYwNTc5ODQw","avatar_url":"https://avatars.githubusercontent.com/u/60579840?v=4","gravatar_id":"","url":"https://api.github.com/users/daro2404","html_url":"https://github.com/daro2404","followers_url":"https://api.github.com/users/daro2404/followers","following_url":"https://api.github.com/users/daro2404/following{/other_user}","gists_url":"https://api.github.com/users/daro2404/gists{/gist_id}","starred_url":"https://api.github.com/users/daro2404/starred{/owner}{/repo}","subscriptions_url":"https://api.github.com/users/daro2404/subscriptions","organizations_url":"https://api.github.com/users/daro2404/orgs","repos_url":"https://api.github.com/users/daro2404/repos","events_url":"https://api.github.com/users/daro2404/events{/privacy}","received_events_url":"https://api.github.com/users/daro2404/received_events","type":"User","site_admin":false,"contributions":1},{"login":"b10n1k","id":330547,"node_id":"MDQ6VXNlcjMzMDU0Nw==","avatar_url":"https://avatars.githubusercontent.com/u/330547?v=4","gravatar_id":"","url":"https://api.github.com/users/b10n1k","html_url":"https://github.com/b10n1k","followers_url":"https://api.github.com/users/b10n1k/followers","following_url":"https://api.github.com/users/b10n1k/following{/other_user}","gists_url":"https://api.github.com/users/b10n1k/gists{/gist_id}","starred_url":"https://api.github.com/users/b10n1k/starred{/owner}{/repo}","subscriptions_url":"https://api.github.com/users/b10n1k/subscriptions","organizations_url":"https://api.github.com/users/b10n1k/orgs","repos_url":"https://api.github.com/users/b10n1k/repos","events_url":"https://api.github.com/users/b10n1k/events{/privacy}","received_events_url":"https://api.github.com/users/b10n1k/received_events","type":"User","site_admin":false,"contributions":1},{"login":"alessandrobasi","id":13107787,"node_id":"MDQ6VXNlcjEzMTA3Nzg3","avatar_url":"https://avatars.githubusercontent.com/u/13107787?v=4","gravatar_id":"","url":"https://api.github.com/users/alessandrobasi","html_url":"https://github.com/alessandrobasi","followers_url":"https://api.github.com/users/alessandrobasi/followers","following_url":"https://api.github.com/users/alessandrobasi/following{/other_user}","gists_url":"https://api.github.com/users/alessandrobasi/gists{/gist_id}","starred_url":"https://api.github.com/users/alessandrobasi/starred{/owner}{/repo}","subscriptions_url":"https://api.github.com/users/alessandrobasi/subscriptions","organizations_url":"https://api.github.com/users/alessandrobasi/orgs","repos_url":"https://api.github.com/users/alessandrobasi/repos","events_url":"https://api.github.com/users/alessandrobasi/events{/privacy}","received_events_url":"https://api.github.com/users/alessandrobasi/received_events","type":"User","site_admin":false,"contributions":1},{"login":"alekso56","id":676987,"node_id":"MDQ6VXNlcjY3Njk4Nw==","avatar_url":"https://avatars.githubusercontent.com/u/676987?v=4","gravatar_id":"","url":"https://api.github.com/users/alekso56","html_url":"https://github.com/alekso56","followers_url":"https://api.github.com/users/alekso56/followers","following_url":"https://api.github.com/users/alekso56/following{/other_user}","gists_url":"https://api.github.com/users/alekso56/gists{/gist_id}","starred_url":"https://api.github.com/users/alekso56/starred{/owner}{/repo}","subscriptions_url":"https://api.github.com/users/alekso56/subscriptions","organizations_url":"https://api.github.com/users/alekso56/orgs","repos_url":"https://api.github.com/users/alekso56/repos","events_url":"https://api.github.com/users/alekso56/events{/privacy}","received_events_url":"https://api.github.com/users/alekso56/received_events","type":"User","site_admin":false,"contributions":1},{"login":"martinprejsa","id":37771960,"node_id":"MDQ6VXNlcjM3NzcxOTYw","avatar_url":"https://avatars.githubusercontent.com/u/37771960?v=4","gravatar_id":"","url":"https://api.github.com/users/martinprejsa","html_url":"https://github.com/martinprejsa","followers_url":"https://api.github.com/users/martinprejsa/followers","following_url":"https://api.github.com/users/martinprejsa/following{/other_user}","gists_url":"https://api.github.com/users/martinprejsa/gists{/gist_id}","starred_url":"https://api.github.com/users/martinprejsa/starred{/owner}{/repo}","subscriptions_url":"https://api.github.com/users/martinprejsa/subscriptions","organizations_url":"https://api.github.com/users/martinprejsa/orgs","repos_url":"https://api.github.com/users/martinprejsa/repos","events_url":"https://api.github.com/users/martinprejsa/events{/privacy}","received_events_url":"https://api.github.com/users/martinprejsa/received_events","type":"User","site_admin":false,"contributions":1},{"login":"Violet-Nonbloosom","id":86547296,"node_id":"MDQ6VXNlcjg2NTQ3Mjk2","avatar_url":"https://avatars.githubusercontent.com/u/86547296?v=4","gravatar_id":"","url":"https://api.github.com/users/Violet-Nonbloosom","html_url":"https://github.com/Violet-Nonbloosom","followers_url":"https://api.github.com/users/Violet-Nonbloosom/followers","following_url":"https://api.github.com/users/Violet-Nonbloosom/following{/other_user}","gists_url":"https://api.github.com/users/Violet-Nonbloosom/gists{/gist_id}","starred_url":"https://api.github.com/users/Violet-Nonbloosom/starred{/owner}{/repo}","subscriptions_url":"https://api.github.com/users/Violet-Nonbloosom/subscriptions","organizations_url":"https://api.github.com/users/Violet-Nonbloosom/orgs","repos_url":"https://api.github.com/users/Violet-Nonbloosom/repos","events_url":"https://api.github.com/users/Violet-Nonbloosom/events{/privacy}","received_events_url":"https://api.github.com/users/Violet-Nonbloosom/received_events","type":"User","site_admin":false,"contributions":1},{"login":"ibrahimcaj","id":32491163,"node_id":"MDQ6VXNlcjMyNDkxMTYz","avatar_url":"https://avatars.githubusercontent.com/u/32491163?v=4","gravatar_id":"","url":"https://api.github.com/users/ibrahimcaj","html_url":"https://github.com/ibrahimcaj","followers_url":"https://api.github.com/users/ibrahimcaj/followers","following_url":"https://api.github.com/users/ibrahimcaj/following{/other_user}","gists_url":"https://api.github.com/users/ibrahimcaj/gists{/gist_id}","starred_url":"https://api.github.com/users/ibrahimcaj/starred{/owner}{/repo}","subscriptions_url":"https://api.github.com/users/ibrahimcaj/subscriptions","organizations_url":"https://api.github.com/users/ibrahimcaj/orgs","repos_url":"https://api.github.com/users/ibrahimcaj/repos","events_url":"https://api.github.com/users/ibrahimcaj/events{/privacy}","received_events_url":"https://api.github.com/users/ibrahimcaj/received_events","type":"User","site_admin":false,"contributions":1},{"login":"AgnisT","id":48773856,"node_id":"MDQ6VXNlcjQ4NzczODU2","avatar_url":"https://avatars.githubusercontent.com/u/48773856?v=4","gravatar_id":"","url":"https://api.github.com/users/AgnisT","html_url":"https://github.com/AgnisT","followers_url":"https://api.github.com/users/AgnisT/followers","following_url":"https://api.github.com/users/AgnisT/following{/other_user}","gists_url":"https://api.github.com/users/AgnisT/gists{/gist_id}","starred_url":"https://api.github.com/users/AgnisT/starred{/owner}{/repo}","subscriptions_url":"https://api.github.com/users/AgnisT/subscriptions","organizations_url":"https://api.github.com/users/AgnisT/orgs","repos_url":"https://api.github.com/users/AgnisT/repos","events_url":"https://api.github.com/users/AgnisT/events{/privacy}","received_events_url":"https://api.github.com/users/AgnisT/received_events","type":"User","site_admin":false,"contributions":1},{"login":"Ajptlink","id":21269118,"node_id":"MDQ6VXNlcjIxMjY5MTE4","avatar_url":"https://avatars.githubusercontent.com/u/21269118?v=4","gravatar_id":"","url":"https://api.github.com/users/Ajptlink","html_url":"https://github.com/Ajptlink","followers_url":"https://api.github.com/users/Ajptlink/followers","following_url":"https://api.github.com/users/Ajptlink/following{/other_user}","gists_url":"https://api.github.com/users/Ajptlink/gists{/gist_id}","starred_url":"https://api.github.com/users/Ajptlink/starred{/owner}{/repo}","subscriptions_url":"https://api.github.com/users/Ajptlink/subscriptions","organizations_url":"https://api.github.com/users/Ajptlink/orgs","repos_url":"https://api.github.com/users/Ajptlink/repos","events_url":"https://api.github.com/users/Ajptlink/events{/privacy}","received_events_url":"https://api.github.com/users/Ajptlink/received_events","type":"User","site_admin":false,"contributions":1},{"login":"Chihsiao","id":20290900,"node_id":"MDQ6VXNlcjIwMjkwOTAw","avatar_url":"https://avatars.githubusercontent.com/u/20290900?v=4","gravatar_id":"","url":"https://api.github.com/users/Chihsiao","html_url":"https://github.com/Chihsiao","followers_url":"https://api.github.com/users/Chihsiao/followers","following_url":"https://api.github.com/users/Chihsiao/following{/other_user}","gists_url":"https://api.github.com/users/Chihsiao/gists{/gist_id}","starred_url":"https://api.github.com/users/Chihsiao/starred{/owner}{/repo}","subscriptions_url":"https://api.github.com/users/Chihsiao/subscriptions","organizations_url":"https://api.github.com/users/Chihsiao/orgs","repos_url":"https://api.github.com/users/Chihsiao/repos","events_url":"https://api.github.com/users/Chihsiao/events{/privacy}","received_events_url":"https://api.github.com/users/Chihsiao/received_events","type":"User","site_admin":false,"contributions":1},{"login":"Hellcode48","id":4357903,"node_id":"MDQ6VXNlcjQzNTc5MDM=","avatar_url":"https://avatars.githubusercontent.com/u/4357903?v=4","gravatar_id":"","url":"https://api.github.com/users/Hellcode48","html_url":"https://github.com/Hellcode48","followers_url":"https://api.github.com/users/Hellcode48/followers","following_url":"https://api.github.com/users/Hellcode48/following{/other_user}","gists_url":"https://api.github.com/users/Hellcode48/gists{/gist_id}","starred_url":"https://api.github.com/users/Hellcode48/starred{/owner}{/repo}","subscriptions_url":"https://api.github.com/users/Hellcode48/subscriptions","organizations_url":"https://api.github.com/users/Hellcode48/orgs","repos_url":"https://api.github.com/users/Hellcode48/repos","events_url":"https://api.github.com/users/Hellcode48/events{/privacy}","received_events_url":"https://api.github.com/users/Hellcode48/received_events","type":"User","site_admin":false,"contributions":1},{"login":"mfnalex","id":1122571,"node_id":"MDQ6VXNlcjExMjI1NzE=","avatar_url":"https://avatars.githubusercontent.com/u/1122571?v=4","gravatar_id":"","url":"https://api.github.com/users/mfnalex","html_url":"https://github.com/mfnalex","followers_url":"https://api.github.com/users/mfnalex/followers","following_url":"https://api.github.com/users/mfnalex/following{/other_user}","gists_url":"https://api.github.com/users/mfnalex/gists{/gist_id}","starred_url":"https://api.github.com/users/mfnalex/starred{/owner}{/repo}","subscriptions_url":"https://api.github.com/users/mfnalex/subscriptions","organizations_url":"https://api.github.com/users/mfnalex/orgs","repos_url":"https://api.github.com/users/mfnalex/repos","events_url":"https://api.github.com/users/mfnalex/events{/privacy}","received_events_url":"https://api.github.com/users/mfnalex/received_events","type":"User","site_admin":false,"contributions":1}]